EventID,CatYear,Peril,Type,Name,PCS#,ModelVersion
3160088,1979,HU,HIST,1979_12_17,,25
3160089,1986,HU,HIST,1986_01_19,,25
3160090,1992,HU,HIST,1992_11_11,,25
3160091,1986,HU,HIST,1986_10_20,,25
3160092,1973,HU,HIST,1973_04_02,,25
3160093,1983,HU,HIST,1983_01_18,,25
3160094,1981,HU,HIST,1981_11_24,,25
3160095,1986,HU,HIST,1986_12_02,,25
3160096,1993,HU,HIST,1993_01_16,,25
3160097,1999,HU,HIST,1999_02_04,,25
3160098,1990,HU,HIST,1990_02_08,,25
3160099,1982,HU,HIST,1982_03_01,,25
3160100,1983,HU,HIST,1983_04_05,,25
3160101,1981,HU,HIST,1981_11_20,,25
3160102,1981,HU,HIST,1981_02_08,,25
3160103,1978,HU,HIST,1978_11_14,,25
3160104,1989,HU,HIST,1989_01_15,,25
3160105,1981,HU,HIST,1981_11_02,,25
3160106,1982,HU,HIST,1982_12_15,,25
3160107,1988,HU,HIST,1988_12_21,,25
3160108,1989,HU,HIST,1989_01_27,,25
3160109,1985,HU,HIST,1985_11_10,,25
3160110,2008,HU,HIST,2008_10_25,,25
3160111,1988,HU,HIST,1988_12_30,,25
3160112,1994,HU,HIST,1994_01_22,,25
3160113,1982,HU,HIST,1982_11_22,,25
3160114,1988,HU,HIST,1988_02_01,,25
3160115,1984,HU,HIST,1984_01_11,,25
3160116,1986,HU,HIST,1986_03_20,,25
3160117,1984,HU,HIST,1984_01_23,,25
3160118,1984,HU,HIST,1984_01_02,,25
3160119,1995,HU,HIST,1995_01_26,,25
3160120,1986,HU,HIST,1986_03_24,,25
3160121,2003,HU,HIST,2003_01_02,,25
3160122,1972,HU,HIST,1972_03_27,,25
3160123,1977,HU,HIST,1977_11_11,,25
15000033,1843,EQ,HIST,NM 1843 Marked Tree AR M6.0 Event       ,,25
15000034,1811,EQ,HIST,NM 1811 Dec 16 New Madrid M6.8 Event    ,,25
15000035,1811,EQ,HIST,NM 1811 Dec 16 New Madrid M7.25 Event   ,,25
15000036,1811,EQ,HIST,NM 1811 Dec 16 New Madrid M7.6 Event    ,,25
15000037,1811,EQ,HIST,NM 1811 Dec 16 New Madrid M8.1 Event    ,,25
15000038,1812,EQ,HIST,NM 1812 Jan 23 New Madrid M6.9 Event    ,,25
15000039,1812,EQ,HIST,NM 1812 Jan 23 New Madrid M7.0 Event    ,,25
15000040,1812,EQ,HIST,NM 1812 Jan 23 New Madrid M7.5 Event    ,,25
15000041,1812,EQ,HIST,NM 1812 Jan 23 New Madrid M7.8 Event    ,,25
15000042,1812,EQ,HIST,NM 1812 Feb 07 New Madrid M7.2 Event    ,,25
15000043,1812,EQ,HIST,NM 1812 Feb 07 New Madrid M7.45 Event   ,,25
15000044,1812,EQ,HIST,NM 1812 Feb 07 New Madrid M7.8 Event    ,,25
15000045,1812,EQ,HIST,NM 1812 Feb 07 New Madrid M8.0 Event    ,,25
15000046,1811,EQ,HIST,NM 1811-12 Sequence M7.5 Event          ,,25
15000047,2011,EQ,HIST,SE 2011 Mineral Wells VA M5.8 Event     ,,25
15000048,1886,EQ,HIST,SE 1886 Charleston SC M7.1 Event        ,,25
15000049,2002,EQ,HIST,NE 2002 Plattsburgh NY M5.0 Event       ,,25
15000050,1944,EQ,HIST,NE 1944 Cornwall-Massena NY M5.8 Event  ,,25
15000051,1940,EQ,HIST,NE 1940 Ossippee NH M5.4 Event          ,,25
15000052,1904,EQ,HIST,NE 1904 Passamoquoddy ME M5.7 Event     ,,25
15000053,1884,EQ,HIST,NE 1884 New York NY M4.8 Event          ,,25
15000054,1755,EQ,HIST,NE 1755 Cape Ann MA M6.3 Event          ,,25
15000055,2002,EQ,HIST,AK 2002 Denali M7.9 Event               ,,25
15000056,1979,EQ,HIST,AK 1979 Saint Elias M7.5 Event          ,,25
15000057,1972,EQ,HIST,AK 1972 Sitka M7.6 Event                ,,25
15000058,1964,EQ,HIST,AK 1964 Prince William Sound M9.2 Event ,6461,25
15000059,1957,EQ,HIST,AK 1957 Andreanof Islands M9.1 NonUSGS  ,,25
15000060,1938,EQ,HIST,AK 1938 Shumagin Islands M8.2 Event     ,,25
15000061,1868,EQ,HIST,HI 1868 Apr 02 Kau M7.9 Event           ,,25
15000062,2012,EQ,HIST,WC 2012 Haida Gwaii M7.7 Event          ,,25
15000063,1958,EQ,HIST,WC 1958 Fairweather M7.7 Event          ,,25
15000064,1949,EQ,HIST,WC 1949 Queen Charlotte M8.1 Event      ,,25
15000065,1946,EQ,HIST,WC 1946 Vancouver Island M7.3 Event     ,,25
15000066,1918,EQ,HIST,WC 1918 Vancouver Island M6.9 Event     ,,25
15000067,1988,EQ,HIST,EC 1988 Saguenay M5.9 Event             ,,25
15000068,1933,EQ,HIST,EC 1933 Baffin Bay M7.3 Event           ,,25
15000069,1929,EQ,HIST,EC 1929 Grand Banks M7.2 Event          ,,25
15000070,1925,EQ,HIST,EC 1925 Charlevoix M6.2 Event           ,,25
15000071,1870,EQ,HIST,EC 1870 Charlevoix M6.6 Event           ,,25
15000072,1732,EQ,HIST,EC 1732 Montreal M5.8 Event             ,,25
15000073,1663,EQ,HIST,EC 1663 Charlevoix M7.0 Event           ,,25
15000074,2014,EQ,HIST,MX 2014 Guerrero M7.2 Event             ,,25
15000075,2003,EQ,HIST,MX 2003 Colima M7.5 Event               ,,25
15000076,1999,EQ,HIST,MX 1999 Puebla M6.9 Event               ,,25
15000077,1985,EQ,HIST,MX 1985 Michoacan M8.0 Event            ,,25
15000078,1912,EQ,HIST,MX 1912 Acambay M7.0 Event              ,,25
15000079,2012,EQ,HIST,MX 2012 Oaxaca M7.4 Event               ,,25
15000080,1999,EQ,HIST,MX 1999 Oaxaca M7.4 Event               ,,25
15000081,1995,EQ,HIST,MX 1995 Copala M7.3 Event               ,,25
15000082,1973,EQ,HIST,MX 1973 Veracruz M7.3 Event             ,,25
803094,0,EQ,RDS,DLM Japanese Earthquake,N/A,25
15006191,0,EQ,RDS,California Earthquake - San Francisco,N/A,25
15022534,0,EQ,RDS,California Earthquake - Los Angeles,N/A,25
15355285,0,EQ,RDS,New Madrid Earthquake,N/A,25
1750601,1983,WT,HIST, 1983 Freezing Storm,8324,25
1750602,1993,WT,HIST, 1993 West Coast Wind Storm,9342,25
1750603,1993,WT,HIST, 1993 Storm of the Century,,25
1750604,1995,WT,HIST, 1995 West Coast Wind Storm,,25
1750605,1996,WT,HIST, 1996 Snow Storm,9663,25
1750606,1998,WT,HIST, 1998 Canadian Ice Storm,9836,25
1750607,2002,WT,HIST, 2002 Midwestern Ice Strom,255,25
1750608,2003,WT,HIST, 2003 Snow Storm (Colorado),384,25
1750609,2006,WT,HIST, 2006 West Coast Wind Storm,,25
1750610,2021,WT,HIST, 2021 Freezing Storm,2117,25
154787,1998,HU,HIST,"VICKY, 1998-09-17",,25
154789,1998,HU,HIST,"WALDO, 1998-09-20",,25
154794,1998,HU,HIST,"ZEB, 1998-10-11",,25
154894,1999,HU,HIST,"BART, 1999-09-24",,25
154897,2004,HU,HIST,"CHABA, 2004-08-30",,25
154898,2004,HU,HIST,"SONGDA, 2004-07-09",,25
154899,2004,HU,HIST,"MA-ON, 2004-09-10",,25
154900,2004,HU,HIST,"TOKAGE, 2004-10-20",,25
154901,2006,HU,HIST,"SHANSHAN, 2006-09-17",,25
154902,2007,HU,HIST,"FITOW, 2007-06-09",,25
7400532,2001,HU,HIST,"NARI, 2001-05-09",,25
3160001,1999,HU,HIST,Anatol_1999_12_03,,25
3160002,2007,HU,HIST,Kyrill_2007_01_18,,25
3160003,1999,HU,HIST,Lothar_1999_12_26,,25
3160004,1987,HU,HIST,87J_1987_10_16,,25
3160005,2009,HU,HIST,Klaus_2009_01_24,,25
3160006,1999,HU,HIST,Martin_1999_12_28,,25
3160007,1972,HU,HIST,Lower_Saxony_1972_11_13,,25
3160008,1976,HU,HIST,Capella_1976_01_03,,25
3160009,1990,HU,HIST,Daria_1990_01_25,,25
3160010,1990,HU,HIST,Vivian_1990_02_26,,25
3160011,2002,HU,HIST,Jeanette_2002_10_28,,25
3160012,2008,HU,HIST,Emma_2008_03_01,,25
3160013,2005,HU,HIST,Erwin_Gudrun_2005_01_08,,25
3160014,1990,HU,HIST,Herta_1990_02_03,,25
3160015,1990,HU,HIST,Wiebke_1990_02_28,,25
3160016,1993,HU,HIST,Verena_1993_01_13,,25
3160017,1978,HU,HIST,1978_01_11,,25
3160018,1982,HU,HIST,1982_11_07,,25
3160019,1983,HU,HIST,1983_01_31,,25
3160020,1983,HU,HIST,1983_11_26,,25
3160021,1984,HU,HIST,1984_11_23,,25
3160022,1985,HU,HIST,1985_11_06,,25
3160023,1990,HU,HIST,Nana_1990_02_11,,25
3160024,1991,HU,HIST,Undine_1991_01_05,,25
3160025,1991,HU,HIST,1991_01_09,,25
3160026,1992,HU,HIST,Nyttarsdag_1992_01_01,,25
3160027,1994,HU,HIST,Lore_1994_01_28,,25
3160028,1995,HU,HIST,Thalia_1995_01_23,,25
3160029,1997,HU,HIST,Yuma_Xmas_97_1997_12_24,,25
3160030,1998,HU,HIST,1998_01_04,,25
3160031,1998,HU,HIST,Xylia_1998_10_28,,25
3160032,1998,HU,HIST,Silke_Xmas_98_1998_12_26,,25
3160033,2000,HU,HIST,Oratia_Tora_2000_10_30,,25
3160034,2002,HU,HIST,Anna_2002_02_26,,25
3160035,2004,HU,HIST,Dagmar_2004_12_17,,25
3160036,2005,HU,HIST,Gero_2005_01_11,,25
3160037,2007,HU,HIST,Per_Hanno_2007_01_14,,25
3160038,2008,HU,HIST,Paula_2008_01_26,,25
3160039,2008,HU,HIST,Johanna_2008_03_10,,25
3160040,2008,HU,HIST,Kirsten_2008_03_12,,25
3160041,2009,HU,HIST,Quinten_2009_02_09,,25
3160042,1988,HU,HIST,1988_02_09,,25
3160043,1991,HU,HIST,1991_12_21,,25
3160044,1996,HU,HIST,1996_02_07,,25
3160124,2002,HU,HIST,2002_01_26,,25
3160125,1987,HU,HIST,1987_11_11,,25
3160126,1987,HU,HIST,1987_10_10,,25
3160127,1986,HU,HIST,1986_12_29,,25
3160128,1986,HU,HIST,1986_01_14,,25
3160129,1988,HU,HIST,1988_11_29,,25
3160130,1997,HU,HIST,1997_04_11,,25
3160131,1998,HU,HIST,1998_10_24,,25
3160132,1990,HU,HIST,1990_03_09,,25
3160133,1986,HU,HIST,1986_12_19,,25
3160134,1998,HU,HIST,1998_11_01,,25
3160135,1995,HU,HIST,1995_04_07,,25
15000001,2014,EQ,HIST,CA 2014 South Napa M6.0 Event           ,1454,25
15000002,2010,EQ,HIST,CA 2010 Baja California M7.2 Event      ,,25
15000003,2003,EQ,HIST,CA 2003 San Simeon M6.6 Event           ,,25
15000004,1994,EQ,HIST,CA 1994 Northridge M6.7 Event           ,9478,25
15000005,1992,EQ,HIST,CA 1992 Petrolia M7.0 Event             ,9222,25
15000006,1992,EQ,HIST,CA 1992 Landers M7.3 Event              ,9222,25
15000007,1989,EQ,HIST,CA 1989 Loma Prieta M6.9 Event          ,8920,25
15000008,1987,EQ,HIST,CA 1987 Whittier Narrows M5.9 Event     ,8740,25
15000009,1984,EQ,HIST,CA 1984 Morgan Hill M6.2 Event          ,8436,25
15000010,1983,EQ,HIST,CA 1983 Coalinga M6.4 Event             ,8392,25
15000011,1971,EQ,HIST,CA 1971 San Fernando M6.7 Event         ,7143,25
15000012,1952,EQ,HIST,CA 1952 Kern County M7.3 Event          ,5227,25
15000012,1952,EQ,HIST,CA 1952 Kern County M7.3 Event          ,5229,25
15000013,1933,EQ,HIST,CA 1933 Long Beach M6.4 Event           ,,25
15000014,1925,EQ,HIST,CA 1925 Santa Barbara M6.3 Event        ,,25
15000015,1906,EQ,HIST,CA 1906 San Francisco M7.8 Event        ,,25
15000016,1868,EQ,HIST,CA 1868 Hayward M7.0 Event              ,,25
15000017,1857,EQ,HIST,CA 1857 Fort Tejon M7.9 Event           ,,25
15000018,2001,EQ,HIST,NW 2001 Nisqually M6.8 Event            ,137,25
15000019,1965,EQ,HIST,NW 1965 Puget Sound M6.5 Event          ,,25
15000020,1949,EQ,HIST,NW 1949 Puget Sound M7.1 Event          ,,25
15000021,1872,EQ,HIST,NW 1872 Lake Chelan M7.0 Event          ,,25
15000022,1700,EQ,HIST,NW 1700 Cascadia M9.0 Event             ,,25
15000023,2008,EQ,HIST,GB 2008 Feb 21 Nevada M6.0 Event        ,,25
15000024,1954,EQ,HIST,GB 1954 Fairview Peak NV M7.1 Event     ,,25
15000025,1954,EQ,HIST,GB 1954 Dixie Valley NV M6.8 Event Dip50,,25
15000026,1932,EQ,HIST,GB 1932 Cedar Mountain NV M7.2 Event    ,,25
15000027,1959,EQ,HIST,NR 1959 Hebgen Lake MT M7.3 Event       ,,25
15000028,1935,EQ,HIST,NR 1935 Oct 19 Helena MT M6.3 Event     ,,25
15000029,1952,EQ,HIST,MW 1952 El Reno OK M5.7 Event           ,,25
15000030,1968,EQ,HIST,NM 1968 S. Illinois M5.4 Event          ,,25
15000031,1909,EQ,HIST,NM 1909 Aurora IL M5.2 Event            ,,25
15000032,1895,EQ,HIST,NM 1895 Charleston MO M6.3 Event        ,,25
153798,1988,HU,HIST,"LEE, 1988-09-19",,25
153800,1988,HU,HIST,"NELSON, 1988-10-01",,25
153802,1988,HU,HIST,"ODESSA, 1988-10-10",,25
153882,1989,HU,HIST,"ELLIS, 1989-06-20",,25
153885,1989,HU,HIST,"HOPE, 1989-07-15",,25
153887,1989,HU,HIST,"JUDY, 1989-07-21",,25
153888,1989,HU,HIST,"KEN/LOLA, 1989-07-28",,25
153889,1989,HU,HIST,"MAC, 1989-07-30",,25
153890,1989,HU,HIST,"NANCY, 1989-08-11",,25
153893,1989,HU,HIST,"ROGER, 1989-08-23",,25
153897,1989,HU,HIST,"VERA, 1989-09-11",,25
153898,1989,HU,HIST,"WAYNE, 1989-09-16",,25
153901,1989,HU,HIST,"COLLEEN, 1989-10-01",,25
153904,1989,HU,HIST,"FORREST, 1989-10-21",,25
153979,1990,HU,HIST,"MARIAN, 1990-05-14",,25
153983,1990,HU,HIST,"ROBYN, 1990-07-10",,25
153986,1990,HU,HIST,"VERNON, 1990-07-28",,25
153987,1990,HU,HIST,"WINONA, 1990-08-10",,25
153988,1990,HU,HIST,"YANCY, 1990-08-11",,25
153990,1990,HU,HIST,"ZOLA, 1990-08-16",,25
153991,1990,HU,HIST,"ABE, 1990-08-24",,25
153995,1990,HU,HIST,"FLO, 1990-09-12",,25
153996,1990,HU,HIST,"GENE, 1990-10-01",,25
153997,1990,HU,HIST,"HATTIE, 1990-10-01",,25
154004,1990,HU,HIST,"PAGE, 1990-11-21",,25
154005,1990,HU,HIST,"RUSS, 1990-12-13",,25
154080,1991,HU,HIST,"WALT, 1991-05-10",,25
154085,1991,HU,HIST,"CAITLIN, 1991-07-21",,25
154086,1991,HU,HIST,"ELLIE, 1991-08-10",,25
154088,1991,HU,HIST,"GLADYS, 1991-08-15",,25
154089,1991,HU,HIST,"NOT NAMED, 1991-08-26",,25
154090,1991,HU,HIST,"HARRY, 1991-08-28",,25
154091,1991,HU,HIST,"IVY, 1991-09-10",,25
154093,1991,HU,HIST,"KINNA, 1991-09-10",,25
154094,1991,HU,HIST,"LUKE, 1991-09-14",,25
154095,1991,HU,HIST,"MIREILLE, 1991-10-01",,25
154097,1991,HU,HIST,"ORCHID, 1991-10-10",,25
154099,1991,HU,HIST,"RUTH, 1991-10-19",,25
154102,1991,HU,HIST,"VERNE, 1991-11-10",,25
154104,1991,HU,HIST,"YURI, 1991-11-22",,25
154179,1992,HU,HIST,"BOBBIE, 1992-06-23",,25
154185,1992,HU,HIST,"IRVING, 1992-07-31",,25
154186,1992,HU,HIST,"JANIS, 1992-08-10",,25
154187,1992,HU,HIST,"KENT, 1992-08-10",,25
154190,1992,HU,HIST,"LOIS, 1992-08-14",,25
154193,1992,HU,HIST,"RYAN, 1992-08-31",,25
154195,1992,HU,HIST,"TED, 1992-09-17",,25
154198,1992,HU,HIST,"YVETTE, 1992-10-10",,25
154201,1992,HU,HIST,"BRIAN, 1992-10-17",,25
154204,1992,HU,HIST,"ELSIE, 1992-10-29",,25
154206,1992,HU,HIST,"GAY, 1992-11-14",,25
154207,1992,HU,HIST,"HUNT, 1992-11-15",,25
154280,1993,HU,HIST,"NATHAN, 1993-07-19",,25
154281,1993,HU,HIST,"OFELIA, 1993-07-24",,25
154282,1993,HU,HIST,"PERCY, 1993-07-27",,25
154283,1993,HU,HIST,"ROBYN, 1993-08-01",,25
154284,1993,HU,HIST,"STEVE, 1993-08-10",,25
154287,1993,HU,HIST,"VERNON, 1993-08-21",,25
3160045,1993,HU,HIST,1993_01_22,,25
3160046,2000,HU,HIST,2000_01_30,,25
3160047,2008,HU,HIST,2008_02_22,,25
3160048,2001,HU,HIST,2001_11_15,,25
3160049,2002,HU,HIST,2002_01_29,,25
3160050,1999,HU,HIST,1999_11_29,,25
3160051,1987,HU,HIST,1987_03_27,,25
3160052,1993,HU,HIST,1993_12_09,,25
3160053,1994,HU,HIST,1994_04_01,,25
3160054,1993,HU,HIST,1993_01_24,,25
3160055,1997,HU,HIST,1997_03_28,,25
3160056,1997,HU,HIST,1997_02_13,,25
3160057,1999,HU,HIST,1999_12_12,,25
3160058,2005,HU,HIST,2005_12_16,,25
3160059,1993,HU,HIST,1993_12_20,,25
3160060,1992,HU,HIST,1992_04_15,,25
3160061,1984,HU,HIST,1984_10_18,,25
3160062,1989,HU,HIST,1989_10_28,,25
3160063,2006,HU,HIST,2006_12_03,,25
3160064,1984,HU,HIST,1984_01_14,,25
3160065,1992,HU,HIST,1992_11_26,,25
3160066,2004,HU,HIST,2004_03_20,,25
3160067,1995,HU,HIST,1995_03_17,,25
3160068,2000,HU,HIST,2000_03_09,,25
3160070,1996,HU,HIST,1996_11_06,,25
3160071,2010,HU,HIST,Xynthia_2010_02_28,,25
3160072,1976,HU,HIST,1976_11_30,,25
3160073,1984,HU,HIST,1984_02_08,,25
3160074,1972,HU,HIST,1972_02_11,,25
3160075,1972,HU,HIST,1972_02_14,,25
3160076,1974,HU,HIST,1974_02_09,,25
3160077,1974,HU,HIST,1974_02_11,,25
3160078,1988,HU,HIST,1988_01_22,,25
3160079,1984,HU,HIST,1984_02_07,,25
3160080,1978,HU,HIST,1978_03_20,,25
3160081,1984,HU,HIST,1984_01_13,,25
3160082,1978,HU,HIST,1978_01_03,,25
3160083,1977,HU,HIST,1977_12_24,,25
3160084,1993,HU,HIST,1993_01_21,,25
3160085,1993,HU,HIST,1993_01_17,,25
3160086,1989,HU,HIST,1989_02_13,,25
3160087,1976,HU,HIST,1976_01_20,,25
152878,1979,HU,HIST,"BESS, 1979-03-19",,25
152879,1979,HU,HIST,"CECIL, 1979-04-11",,25
152881,1979,HU,HIST,"NOT NAMED, 1979-05-19",,25
152886,1979,HU,HIST,"IRVING, 1979-08-10",,25
152887,1979,HU,HIST,"JUDY, 1979-08-16",,25
152888,1979,HU,HIST,"KEN, 1979-08-30",,25
152892,1979,HU,HIST,"OWEN, 1979-10-01",,25
152894,1979,HU,HIST,"ROGER, 1979-10-10",,25
152896,1979,HU,HIST,"TIP, 1979-10-10",,25
152899,1979,HU,HIST,"ABBY, 1979-12-01",,25
152978,1980,HU,HIST,"DOM, 1980-05-10",,25
152979,1980,HU,HIST,"ELLEN, 1980-05-13",,25
152980,1980,HU,HIST,"FORREST, 1980-05-19",,25
152988,1980,HU,HIST,"NORRIS, 1980-08-23",,25
152989,1980,HU,HIST,"ORCHID, 1980-09-10",,25
152992,1980,HU,HIST,"SPERRY, 1980-09-14",,25
152993,1980,HU,HIST,"THELMA, 1980-10-01",,25
152995,1980,HU,HIST,"WYNNE, 1980-10-10",,25
152996,1980,HU,HIST,"ALEX, 1980-10-10",,25
152997,1980,HU,HIST,"BELLY, 1980-10-28",,25
153080,1981,HU,HIST,"IKE, 1981-06-10",,25
153081,1981,HU,HIST,"JUNE, 1981-06-15",,25
153084,1981,HU,HIST,"MAURY, 1981-07-17",,25
153086,1981,HU,HIST,"OGDEN, 1981-07-26",,25
153088,1981,HU,HIST,"PHYLLIS, 1981-08-02",,25
153091,1981,HU,HIST,"THAD, 1981-08-15",,25
153094,1981,HU,HIST,"AGNES, 1981-08-25",,25
153096,1981,HU,HIST,"CLARA, 1981-10-01",,25
153098,1981,HU,HIST,"ELSIE, 1981-10-01",,25
153100,1981,HU,HIST,"GAY, 1981-10-14",,25
153102,1981,HU,HIST,"IRMA, 1981-11-18",,25
153180,1982,HU,HIST,"PAT, 1982-05-16",,25
153181,1982,HU,HIST,"RUBY, 1982-06-20",,25
153182,1982,HU,HIST,"TESS/VAL, 1982-06-25",,25
153183,1982,HU,HIST,"SKIP, 1982-06-29",,25
153186,1982,HU,HIST,"BESS, 1982-07-21",,25
153187,1982,HU,HIST,"CECIL, 1982-08-10",,25
153189,1982,HU,HIST,"ELLIS, 1982-08-18",,25
153190,1982,HU,HIST,"FAYE, 1982-08-20",,25
153191,1982,HU,HIST,"GORDON, 1982-08-26",,25
153194,1982,HU,HIST,"JUDY, 1982-09-10",,25
153195,1982,HU,HIST,"KEN, 1982-09-15",,25
153197,1982,HU,HIST,"MAC, 1982-10-01",,25
153281,1983,HU,HIST,"ABBY, 1983-08-10",,25
153282,1983,HU,HIST,"BEN, 1983-08-11",,25
153284,1983,HU,HIST,"DOM, 1983-08-18",,25
153286,1983,HU,HIST,"FORREST, 1983-09-19",,25
153289,1983,HU,HIST,"IDA, 1983-10-10",,25
153293,1983,HU,HIST,"MARGE, 1983-10-31",,25
153381,1984,HU,HIST,"CARY, 1984-07-10",,25
153383,1984,HU,HIST,"ED, 1984-07-24",,25
153384,1984,HU,HIST,"FREDA, 1984-08-10",,25
153386,1984,HU,HIST,"HOLLY, 1984-08-15",,25
153388,1984,HU,HIST,"JUNE, 1984-08-26",,25
153391,1984,HU,HIST,"NINA, 1984-10-01",,25
153398,1984,HU,HIST,"VANESSA, 1984-10-22",,25
153402,1984,HU,HIST,"CLARA, 1984-11-14",,25
153403,1984,HU,HIST,"DOYLE, 1984-12-10",,25
153479,1985,HU,HIST,"GAY, 1985-05-20",,25
153482,1985,HU,HIST,"IRMA, 1985-06-24",,25
154289,1993,HU,HIST,"YANCY, 1993-08-29",,25
154290,1993,HU,HIST,"ZOLA, 1993-09-10",,25
154295,1993,HU,HIST,"ED, 1993-10-01",,25
154296,1993,HU,HIST,"FLO, 1993-10-01",,25
154297,1993,HU,HIST,"GENE, 1993-10-10",,25
154379,1994,HU,HIST,"PAGE, 1994-05-11",,25
154386,1994,HU,HIST,"WALT, 1994-07-11",,25
154388,1994,HU,HIST,"ZEKE, 1994-07-17",,25
154390,1994,HU,HIST,"BRENDAN, 1994-07-25",,25
154394,1994,HU,HIST,"ELLIE, 1994-08-06",,25
154395,1994,HU,HIST,"LI, 1994-08-12",,25
154396,1994,HU,HIST,"FRED, 1994-08-14",,25
154400,1994,HU,HIST,"JOHN, 1994-08-28",,25
154404,1994,HU,HIST,"MELISSA, 1994-09-16",,25
154408,1994,HU,HIST,"SETH, 1994-10-02",,25
154409,1994,HU,HIST,"VERNE, 1994-10-15",,25
154413,1994,HU,HIST,"ZELDA, 1994-10-26",,25
154479,1995,HU,HIST,"DEANNA, 1995-06-01",,25
154481,1995,HU,HIST,"FAYE, 1995-07-16",,25
154486,1995,HU,HIST,"JANIS, 1995-08-20",,25
154487,1995,HU,HIST,"11W-DEP, 1995-08-21",,25
154493,1995,HU,HIST,"OSCAR, 1995-09-12",,25
154494,1995,HU,HIST,"POLLY, 1995-09-14",,25
154495,1995,HU,HIST,"RYAN, 1995-09-14",,25
154501,1995,HU,HIST,"VAL, 1995-10-08",,25
154502,1995,HU,HIST,"WARD, 1995-10-16",,25
154580,1996,HU,HIST,"BART, 1996-05-09",,25
154582,1996,HU,HIST,"DAN, 1996-07-05",,25
154583,1996,HU,HIST,"EVE, 1996-07-10",,25
154586,1996,HU,HIST,"HERB, 1996-07-23",,25
154589,1996,HU,HIST,"KIRK, 1996-07-28",,25
154602,1996,HU,HIST,"VIOLET, 1996-09-11",,25
154604,1996,HU,HIST,"YATES, 1996-09-21",,25
154605,1996,HU,HIST,"ZANE, 1996-09-24",,25
154612,1996,HU,HIST,"DALE, 1996-11-04",,25
154684,1997,HU,HIST,"OPAL, 1997-06-14",,25
154685,1997,HU,HIST,"PETER, 1997-06-22",,25
154686,1997,HU,HIST,"ROSIE, 1997-07-18",,25
154696,1997,HU,HIST,"OLIWA, 1997-09-04",,25
154784,1998,HU,HIST,"STELLA, 1998-09-14",,25
151786,1968,HU,HIST,"TRIX, 1968-08-22",,25
151789,1968,HU,HIST,"AGNES, 1968-08-27",,25
151792,1968,HU,HIST,"DELLA, 1968-09-11",,25
151795,1968,HU,HIST,"GLORIA, 1968-10-12",,25
151883,1969,HU,HIST,"ALICE, 1969-08-01",,25
151884,1969,HU,HIST,"BETTY, 1969-08-10",,25
151885,1969,HU,HIST,"CORA, 1969-08-12",,25
151888,1969,HU,HIST,"FLOSSIE, 1969-10-01",,25
151890,1969,HU,HIST,"HELEN, 1969-10-10",,25
151892,1969,HU,HIST,"JUNE, 1969-10-26",,25
151893,1969,HU,HIST,"KATHY, 1969-11-10",,25
151978,1970,HU,HIST,"OLGA, 1970-06-27",,25
151980,1970,HU,HIST,"RUBY, 1970-07-11",,25
151982,1970,HU,HIST,"NOT NAMED, 1970-07-28",,25
151985,1970,HU,HIST,"WILDA, 1970-08-10",,25
151986,1970,HU,HIST,"ANITA, 1970-08-15",,25
151987,1970,HU,HIST,"BILLIE, 1970-08-21",,25
151988,1970,HU,HIST,"CLARA, 1970-08-25",,25
151990,1970,HU,HIST,"ELLEN, 1970-09-03",,25
151991,1970,HU,HIST,"FRAN, 1970-09-10",,25
152078,1971,HU,HIST,"THELMA, 1971-03-16",,25
152079,1971,HU,HIST,"VERA, 1971-04-10",,25
152082,1971,HU,HIST,"BABE, 1971-05-02",,25
152083,1971,HU,HIST,"CARLA, 1971-05-17",,25
152089,1971,HU,HIST,"IVY, 1971-07-10",,25
152095,1971,HU,HIST,"OLIVE, 1971-07-24",,25
152096,1971,HU,HIST,"POLLY, 1971-08-10",,25
152099,1971,HU,HIST,"TRIX, 1971-08-19",,25
152101,1971,HU,HIST,"VIRGINIA, 1971-09-01",,25
152104,1971,HU,HIST,"BESS, 1971-09-16",,25
152105,1971,HU,HIST,"CARMEN, 1971-09-22",,25
152109,1971,HU,HIST,"NOT NAMED, 1971-10-11",,25
152111,1971,HU,HIST,"IRMA, 1971-11-10",,25
152182,1972,HU,HIST,"PHYLLIS, 1972-07-10",,25
152183,1972,HU,HIST,"RITA, 1972-07-10",,25
152185,1972,HU,HIST,"TESS, 1972-07-10",,25
152188,1972,HU,HIST,"WINNIE, 1972-07-29",,25
152189,1972,HU,HIST,"ALICE, 1972-07-28",,25
152190,1972,HU,HIST,"BETTY, 1972-08-10",,25
152196,1972,HU,HIST,"HELEN, 1972-09-10",,25
152197,1972,HU,HIST,"IDA, 1972-09-16",,25
152198,1972,HU,HIST,"KATHY, 1972-10-01",,25
152279,1973,HU,HIST,"BILLIE, 1973-07-11",,25
152282,1973,HU,HIST,"ELLEN, 1973-07-16",,25
152286,1973,HU,HIST,"IRIS, 1973-08-10",,25
152382,1974,HU,HIST,"EMMA, 1974-06-12",,25
152383,1974,HU,HIST,"FREDA, 1974-06-17",,25
152384,1974,HU,HIST,"GILDA, 1974-06-26",,25
152385,1974,HU,HIST,"HARRIET, 1974-07-13",,25
152390,1974,HU,HIST,"MARY, 1974-08-11",,25
152391,1974,HU,HIST,"NADINE, 1974-08-15",,25
152392,1974,HU,HIST,"POLLY, 1974-08-25",,25
152393,1974,HU,HIST,"ROSE, 1974-08-24",,25
152394,1974,HU,HIST,"SHIRLEY, 1974-09-10",,25
152478,1975,HU,HIST,"MAMIE, 1975-07-24",,25
152480,1975,HU,HIST,"ORA, 1975-08-10",,25
152481,1975,HU,HIST,"PHYLLIS, 1975-08-12",,25
152482,1975,HU,HIST,"RITA, 1975-08-10",,25
152489,1975,HU,HIST,"CORA, 1975-10-01",,25
152490,1975,HU,HIST,"DORIS, 1975-10-02",,25
152493,1975,HU,HIST,"GRACE, 1975-10-23",,25
152496,1975,HU,HIST,"JUNE, 1975-11-16",,25
153483,1985,HU,HIST,"JEFF, 1985-07-21",,25
153484,1985,HU,HIST,"KIT, 1985-07-31",,25
153485,1985,HU,HIST,"LEE, 1985-08-10",,25
153487,1985,HU,HIST,"NELSON, 1985-08-16",,25
153488,1985,HU,HIST,"ODESSA, 1985-08-22",,25
153489,1985,HU,HIST,"PAT, 1985-08-24",,25
153490,1985,HU,HIST,"RUBY, 1985-08-26",,25
153496,1985,HU,HIST,"BRENDA, 1985-10-01",,25
153500,1985,HU,HIST,"FAY, 1985-10-22",,25
153580,1986,HU,HIST,"MAC, 1986-05-17",,25
153582,1986,HU,HIST,"OWEN, 1986-06-26",,25
153584,1986,HU,HIST,"ROGER, 1986-07-11",,25
153586,1986,HU,HIST,"SARAH, 1986-07-29",,25
153589,1986,HU,HIST,"VERA, 1986-08-13",,25
153590,1986,HU,HIST,"WAYNE, 1986-08-16",,25
153591,1986,HU,HIST,"NOT NAMED, 1986-08-28",,25
153592,1986,HU,HIST,"ABBY, 1986-09-12",,25
153593,1986,HU,HIST,"BEN, 1986-10-01",,25
153594,1986,HU,HIST,"CARMEN, 1986-10-01",,25
153601,1986,HU,HIST,"JOE, 1986-11-17",,25
153602,1986,HU,HIST,"KIM, 1986-11-27",,25
153603,1986,HU,HIST,"LEX, 1986-12-02",,25
153680,1987,HU,HIST,"SPERRY, 1987-06-26",,25
153681,1987,HU,HIST,"THELMA, 1987-07-10",,25
153683,1987,HU,HIST,"WYNNE, 1987-07-21",,25
153686,1987,HU,HIST,"NOT NAMED, 1987-08-10",,25
153688,1987,HU,HIST,"DINAH, 1987-08-20",,25
153689,1987,HU,HIST,"FREDA, 1987-09-10",,25
153692,1987,HU,HIST,"IAN, 1987-10-01",,25
153695,1987,HU,HIST,"KELLY, 1987-10-10",,25
153778,1988,HU,HIST,"SUSAN, 1988-05-28",,25
153780,1988,HU,HIST,"THAD, 1988-06-17",,25
153783,1988,HU,HIST,"AGNES, 1988-07-27",,25
153785,1988,HU,HIST,"BILL, 1988-08-04",,25
153787,1988,HU,HIST,"NOT NAMED, 1988-08-13",,25
153789,1988,HU,HIST,"NOT NAMED, 1988-08-13",,25
153792,1988,HU,HIST,"GAY, 1988-09-02",,25
153796,1988,HU,HIST,"JEFF, 1988-09-11",,25
150997,1960,HU,HIST,"HESTER, 1960-09-10",,25
151001,1960,HU,HIST,"MAMIE, 1960-10-11",,25
151002,1960,HU,HIST,"NINA, 1960-10-20",,25
151003,1960,HU,HIST,"OPHELIA, 1960-11-25",,25
151079,1961,HU,HIST,"TESS, 1961-03-22",,25
151080,1961,HU,HIST,"ARICE, 1961-05-15",,25
151081,1961,HU,HIST,"BETTY, 1961-05-21",,25
151087,1961,HU,HIST,"HELEN, 1961-07-22",,25
151088,1961,HU,HIST,"IDA, 1961-07-27",,25
151089,1961,HU,HIST,"NOT NAMED, 1961-08-01",,25
151092,1961,HU,HIST,"KATHY, 1961-08-13",,25
151094,1961,HU,HIST,"MARIE, 1961-08-28",,25
151095,1961,HU,HIST,"NANCY, 1961-09-10",,25
151100,1961,HU,HIST,"TILDA, 1961-10-01",,25
151101,1961,HU,HIST,"VIOLET, 1961-10-10",,25
151105,1961,HU,HIST,"DOT, 1961-11-10",,25
151179,1962,HU,HIST,"HOPE, 1962-05-14",,25
151181,1962,HU,HIST,"JOAN, 1962-07-10",,25
151183,1962,HU,HIST,"LOUISE, 1962-07-20",,25
151185,1962,HU,HIST,"NORA, 1962-07-28",,25
151186,1962,HU,HIST,"OPAL, 1962-07-30",,25
151188,1962,HU,HIST,"RUTH, 1962-08-12",,25
151189,1962,HU,HIST,"SARAH, 1962-08-14",,25
151190,1962,HU,HIST,"THELMA, 1962-08-20",,25
151191,1962,HU,HIST,"VERA, 1962-08-24",,25
151200,1962,HU,HIST,"GILDA, 1962-10-18",,25
151204,1962,HU,HIST,"KAREN, 1962-11-10",,25
151278,1963,HU,HIST,"POLLY, 1963-05-27",,25
151279,1963,HU,HIST,"ROSE, 1963-06-10",,25
151280,1963,HU,HIST,"SHIRLEY, 1963-06-12",,25
151282,1963,HU,HIST,"VIRGINIA, 1963-07-01",,25
151285,1963,HU,HIST,"BESS, 1963-07-25",,25
151287,1963,HU,HIST,"DELLA, 1963-08-23",,25
151290,1963,HU,HIST,"GLORIA, 1963-09-10",,25
151291,1963,HU,HIST,"HESTER, 1963-09-10",,25
151294,1963,HU,HIST,"KIT, 1963-10-10",,25
151295,1963,HU,HIST,"LOLA, 1963-10-10",,25
151299,1963,HU,HIST,"RITA, 1963-12-15",,25
151300,1963,HU,HIST,"SUSAN, 1963-12-18",,25
151381,1964,HU,HIST,"BETTY, 1964-07-02",,25
151383,1964,HU,HIST,"DORIS, 1964-07-11",,25
151385,1964,HU,HIST,"FLOSSIE, 1964-07-24",,25
151386,1964,HU,HIST,"GRACE, 1964-07-25",,25
151387,1964,HU,HIST,"HELEN, 1964-07-27",,25
151390,1964,HU,HIST,"KATHY, 1964-08-10",,25
151392,1964,HU,HIST,"MARIE, 1964-08-12",,25
151396,1964,HU,HIST,"WILDA, 1964-09-16",,25
151400,1964,HU,HIST,"DOT, 1964-10-10",,25
151403,1964,HU,HIST,"HOPE, 1964-10-24",,25
151410,1964,HU,HIST,"OPAL, 1964-12-10",,25
151482,1965,HU,HIST,"AMY, 1965-05-20",,25
151483,1965,HU,HIST,"BABE, 1965-05-30",,25
151484,1965,HU,HIST,"CARLA, 1965-05-30",,25
151485,1965,HU,HIST,"DINAH, 1965-06-10",,25
151486,1965,HU,HIST,"EMMA, 1965-06-19",,25
151489,1965,HU,HIST,"HARRIET, 1965-07-19",,25
151491,1965,HU,HIST,"JEAN, 1965-07-24",,25
151492,1965,HU,HIST,"KIM, 1965-08-02",,25
151493,1965,HU,HIST,"LUCY, 1965-08-14",,25
151499,1965,HU,HIST,"SHIRLEY, 1965-08-31",,25
151500,1965,HU,HIST,"TRIX, 1965-09-10",,25
151502,1965,HU,HIST,"WENDY, 1965-09-15",,25
151508,1965,HU,HIST,"FAYE, 1965-11-13",,25
151577,1966,HU,HIST,"HESTER, 1966-04-10",,25
151578,1966,HU,HIST,"IRMA, 1966-05-10",,25
152579,1976,HU,HIST,"MARIE, 1976-04-10",,25
152581,1976,HU,HIST,"OLGA, 1976-05-11",,25
152582,1976,HU,HIST,"PAMELA, 1976-05-14",,25
152583,1976,HU,HIST,"RUBY, 1976-06-21",,25
152584,1976,HU,HIST,"SALLY, 1976-06-23",,25
152585,1976,HU,HIST,"THERESE, 1976-07-10",,25
152587,1976,HU,HIST,"WILDA, 1976-07-21",,25
152588,1976,HU,HIST,"ANITA, 1976-07-21",,25
152589,1976,HU,HIST,"BILLIE, 1976-08-01",,25
152591,1976,HU,HIST,"DOT, 1976-08-17",,25
152593,1976,HU,HIST,"FRAN, 1976-09-10",,25
152598,1976,HU,HIST,"LOUISE, 1976-10-28",,25
152599,1976,HU,HIST,"MARGE, 1976-11-10",,25
152678,1977,HU,HIST,"RUTH, 1977-06-13",,25
152681,1977,HU,HIST,"VERA, 1977-07-25",,25
152682,1977,HU,HIST,"WANDA, 1977-07-30",,25
152683,1977,HU,HIST,"AMY, 1977-08-16",,25
152684,1977,HU,HIST,"NOT NAMED, 1977-08-21",,25
152685,1977,HU,HIST,"BABE, 1977-08-31",7718,25
152687,1977,HU,HIST,"EMMA, 1977-09-12",,25
152692,1977,HU,HIST,"HARRIET, 1977-10-14",,25
152694,1977,HU,HIST,"JEAN, 1977-10-28",,25
152695,1977,HU,HIST,"KIM, 1977-11-10",,25
152696,1977,HU,HIST,"LUCY, 1977-11-28",,25
152779,1978,HU,HIST,"POLLY, 1978-06-14",,25
152782,1978,HU,HIST,"TRIX, 1978-07-11",,25
152783,1978,HU,HIST,"VIRGINIA, 1978-07-22",,25
152784,1978,HU,HIST,"WENDY, 1978-07-22",,25
152787,1978,HU,HIST,"CARMEN, 1978-08-10",,25
152789,1978,HU,HIST,"NOT NAMED, 1978-08-18",,25
152791,1978,HU,HIST,"FAYE, 1978-08-27",,25
152792,1978,HU,HIST,"GLORIA, 1978-08-27",,25
152794,1978,HU,HIST,"IRMA, 1978-09-10",,25
152800,1978,HU,HIST,"ORA, 1978-10-10",,25
152805,1978,HU,HIST,"VIOLA, 1978-11-17",,25
150197,1952,HU,HIST,"AGNES, 1952-10-29",,25
150198,1952,HU,HIST,"BESS, 1952-11-10",,25
150199,1952,HU,HIST,"CARMEN, 1952-11-16",,25
150204,1952,HU,HIST,"HESTER, 1952-01-01",,25
150279,1953,HU,HIST,"JUDY, 1953-05-29",,25
150282,1953,HU,HIST,"LOLA, 1953-07-27",,25
150283,1953,HU,HIST,"MAMIE, 1953-07-31",,25
150284,1953,HU,HIST,"NINA, 1953-08-10",,25
150286,1953,HU,HIST,"PHYLLIS, 1953-08-16",,25
150290,1953,HU,HIST,"TESS, 1953-09-16",,25
150292,1953,HU,HIST,"NOT NAMED, 1953-10-01",,25
150293,1953,HU,HIST,"VIOLA, 1953-10-01",,25
150300,1953,HU,HIST,"DORIS, 1953-12-10",,25
150381,1954,HU,HIST,"FLOSSIE, 1954-07-10",,25
150382,1954,HU,HIST,"GRACE, 1954-08-12",,25
150383,1954,HU,HIST,"HELEN, 1954-08-13",,25
150384,1954,HU,HIST,"NOT NAMED, 1954-08-18",,25
150389,1954,HU,HIST,"JUNE, 1954-09-10",,25
150390,1954,HU,HIST,"KATHY, 1954-08-31",,25
150391,1954,HU,HIST,"LORNA, 1954-09-10",,25
150392,1954,HU,HIST,"MARIE, 1954-09-17",,25
150395,1954,HU,HIST,"NOT NAMED, 1954-10-24",,25
150398,1954,HU,HIST,"SALLY, 1954-11-12",,25
150481,1955,HU,HIST,"ANITA, 1955-04-17",,25
150484,1955,HU,HIST,"CLARA, 1955-07-10",,25
150485,1955,HU,HIST,"DOT, 1955-07-12",,25
150486,1955,HU,HIST,"ELLEN, 1955-07-15",,25
150487,1955,HU,HIST,"NOT NAMED, 1955-07-17",,25
150488,1955,HU,HIST,"FRAN, 1955-07-18",,25
150489,1955,HU,HIST,"NOT NAMED, 1955-07-22",,25
150490,1955,HU,HIST,"GEORGIA, 1955-07-23",,25
150491,1955,HU,HIST,"HOPE, 1955-08-10",,25
150493,1955,HU,HIST,"NOT NAMED, 1955-08-10",,25
150499,1955,HU,HIST,"LOUISE, 1955-10-01",,25
150500,1955,HU,HIST,"MARGE, 1955-10-01",,25
150502,1955,HU,HIST,"NORA, 1955-10-10",,25
150503,1955,HU,HIST,"OPAL, 1955-10-15",,25
150504,1955,HU,HIST,"PATSY, 1955-11-25",,25
150505,1955,HU,HIST,"RUTH, 1955-12-12",,25
150580,1956,HU,HIST,"THELMA, 1956-04-16",,25
150583,1956,HU,HIST,"WANDA, 1956-07-25",,25
150584,1956,HU,HIST,"AMY, 1956-08-02",,25
150586,1956,HU,HIST,"BABS, 1956-08-10",,25
150589,1956,HU,HIST,"EMMA, 1956-09-01",,25
150590,1956,HU,HIST,"FREDA, 1956-09-13",,25
150592,1956,HU,HIST,"HARRIET, 1956-09-19",,25
150593,1956,HU,HIST,"NOT NAMED, 1956-09-22",,25
150682,1957,HU,HIST,"VIRGINIA, 1957-06-18",,25
150684,1957,HU,HIST,"AGNES, 1957-08-11",,25
150686,1957,HU,HIST,"NOT NAMED, 1957-08-22",,25
150687,1957,HU,HIST,"BESS, 1957-08-26",,25
150690,1957,HU,HIST,"ELAINE, 1957-09-14",,25
150691,1957,HU,HIST,"FAYE, 1957-10-01",,25
150693,1957,HU,HIST,"HESTER, 1957-10-10",,25
150696,1957,HU,HIST,"JUDY, 1957-10-19",,25
150697,1957,HU,HIST,"KIT, 1957-11-10",,25
150698,1957,HU,HIST,"LOLA, 1957-11-10",,25
150782,1958,HU,HIST,"RITA, 1958-06-10",,25
150783,1958,HU,HIST,"NOT NAMED, 1958-06-10",,25
150785,1958,HU,HIST,"TESS, 1958-07-01",,25
150786,1958,HU,HIST,"VIOLA, 1958-07-10",,25
150788,1958,HU,HIST,"ALICE, 1958-07-13",,25
150790,1958,HU,HIST,"DORIS, 1958-07-22",,25
150794,1958,HU,HIST,"FLOSSIE, 1958-08-19",,25
150796,1958,HU,HIST,"GRACE, 1958-08-27",,25
150798,1958,HU,HIST,"HELEN, 1958-09-10",,25
150799,1958,HU,HIST,"IDA, 1958-09-20",,25
150803,1958,HU,HIST,"LORNA, 1958-10-22",,25
151579,1966,HU,HIST,"JUDY, 1966-05-21",,25
151580,1966,HU,HIST,"KIT, 1966-06-20",,25
151583,1966,HU,HIST,"NINA, 1966-07-15",,25
151588,1966,HU,HIST,"SUSAN, 1966-08-12",,25
151589,1966,HU,HIST,"TESS, 1966-08-10",,25
151590,1966,HU,HIST,"VIOLA, 1966-08-18",,25
151591,1966,HU,HIST,"WINNIE, 1966-08-18",,25
151592,1966,HU,HIST,"ALICE, 1966-08-24",,25
151593,1966,HU,HIST,"BETTY, 1966-08-21",,25
151594,1966,HU,HIST,"CORA, 1966-08-28",,25
151595,1966,HU,HIST,"DORIS, 1966-09-10",,25
151597,1966,HU,HIST,"ELSIE, 1966-09-10",,25
151600,1966,HU,HIST,"HELEN, 1966-09-16",,25
151601,1966,HU,HIST,"NOT NAMED, 1966-09-20",,25
151602,1966,HU,HIST,"IDA, 1966-09-22",,25
151603,1966,HU,HIST,"JUNE, 1966-09-18",,25
151604,1966,HU,HIST,"NOT NAMED, 1966-10-01",,25
151680,1967,HU,HIST,"VIOLET, 1967-03-31",,25
151683,1967,HU,HIST,"BILLIE, 1967-06-29",,25
151686,1967,HU,HIST,"NOT NAMED, 1967-07-19",,25
151689,1967,HU,HIST,"GEORGIA, 1967-07-28",,25
151691,1967,HU,HIST,"NOT NAMED, 1967-08-10",,25
151694,1967,HU,HIST,"LOUISE, 1967-08-15",,25
151698,1967,HU,HIST,"OPAL, 1967-08-29",,25
151707,1967,HU,HIST,"NOT NAMED, 1967-10-01",,25
151710,1967,HU,HIST,"DINAH, 1967-10-16",,25
151714,1967,HU,HIST,"HARRIET, 1967-11-15",,25
151778,1968,HU,HIST,"KIM, 1968-05-28",,25
151779,1968,HU,HIST,"LUCY, 1968-06-26",,25
151780,1968,HU,HIST,"MARY, 1968-07-19",,25
151782,1968,HU,HIST,"OLIVE, 1968-07-21",,25
151783,1968,HU,HIST,"POLLY, 1968-08-10",,25
149582,1946,HU,HIST,"4605, 1946-06-07",,25
149585,1946,HU,HIST,"4608, 1946-07-21",,25
149586,1946,HU,HIST,"4609, 1946-07-21",,25
149588,1946,HU,HIST,"4611, 1946-08-05",,25
149589,1946,HU,HIST,"4612, 1946-08-12",,25
149590,1946,HU,HIST,"4613, 1946-08-20",,25
149596,1946,HU,HIST,"4619, 1946-09-17",,25
149597,1946,HU,HIST,"4620, 1946-10-03",,25
149599,1946,HU,HIST,"4622, 1946-10-10",,25
149600,1946,HU,HIST,"4623, 1946-10-16",,25
149601,1946,HU,HIST,"4624, 1946-11-01",,25
149602,1946,HU,HIST,"4625, 1946-11-16",,25
149679,1947,HU,HIST,"4702, 1947-05-14",,25
149680,1947,HU,HIST,"4703, 1947-06-16",,25
149681,1947,HU,HIST,"4704, 1947-07-05",,25
149684,1947,HU,HIST,"4707, 1947-08-02",,25
149686,1947,HU,HIST,"4709, 1947-09-08",,25
149692,1947,HU,HIST,"4715, 1947-10-02",,25
149694,1947,HU,HIST,"4717, 1947-10-14",,25
149697,1947,HU,HIST,"4720, 1947-11-13",,25
149698,1947,HU,HIST,"4721, 1947-11-18",,25
149699,1947,HU,HIST,"4722, 1947-12-21",,25
149780,1948,HU,HIST,"4803, 1948-05-28",,25
149786,1948,HU,HIST,"4809, 1948-07-26",,25
149787,1948,HU,HIST,"4810, 1948-07-31",,25
149788,1948,HU,HIST,"4811, 1948-08-03",,25
149790,1948,HU,HIST,"4813, 1948-08-07",,25
149792,1948,HU,HIST,"4815, 1948-08-13",,25
149793,1948,HU,HIST,"4816, 1948-08-15",,25
149794,1948,HU,HIST,"4817, 1948-08-25",,25
149798,1948,HU,HIST,"4821, 1948-09-07",,25
149799,1948,HU,HIST,"4822, 1948-09-08",,25
149801,1948,HU,HIST,"4824, 1948-09-21",,25
149807,1948,HU,HIST,"4830, 1948-10-23",,25
149810,1948,HU,HIST,"4833, 1948-11-05",,25
149811,1948,HU,HIST,"4834, 1948-11-12",,25
149812,1948,HU,HIST,"4835, 1948-12-02",,25
149879,1949,HU,HIST,"4902, 1949-06-15",,25
149881,1949,HU,HIST,"4904, 1949-07-11",,25
149882,1949,HU,HIST,"4905, 1949-07-20",,25
149883,1949,HU,HIST,"4906, 1949-07-23",,25
149886,1949,HU,HIST,"4909, 1949-08-07",,25
149887,1949,HU,HIST,"4910, 1949-08-28",,25
149888,1949,HU,HIST,"4911, 1949-08-27",,25
149896,1949,HU,HIST,"4919, 1949-10-20",,25
149899,1949,HU,HIST,"4922, 1949-11-14",,25
149901,1949,HU,HIST,"4924, 1949-12-06",,25
149978,1950,HU,HIST,"5001, 1950-04-23",,25
149980,1950,HU,HIST,"5003, 1950-05-06",,25
149982,1950,HU,HIST,"5005, 1950-06-23",,25
149983,1950,HU,HIST,"5006, 1950-07-13",,25
149984,1950,HU,HIST,"5007, 1950-07-15",,25
149985,1950,HU,HIST,"5008, 1950-07-15",,25
149986,1950,HU,HIST,"5009, 1950-07-25",,25
149987,1950,HU,HIST,"5010, 1950-07-24",,25
149988,1950,HU,HIST,"5011, 1950-08-01",,25
149989,1950,HU,HIST,"5012, 1950-08-02",,25
149990,1950,HU,HIST,"5013, 1950-08-04",,25
149991,1950,HU,HIST,"5014, 1950-08-08",,25
149992,1950,HU,HIST,"5015, 1950-08-09",,25
149993,1950,HU,HIST,"5016, 1950-08-09",,25
149994,1950,HU,HIST,"5017, 1950-08-10",,25
149995,1950,HU,HIST,"5018, 1950-08-09",,25
149997,1950,HU,HIST,"5020, 1950-08-10",,25
149998,1950,HU,HIST,"5021, 1950-08-10",,25
149999,1950,HU,HIST,"5022, 1950-09-12",,25
150001,1950,HU,HIST,"5024, 1950-08-14",,25
150002,1950,HU,HIST,"5025, 1950-08-16",,25
150003,1950,HU,HIST,"5026, 1950-08-23",,25
150004,1950,HU,HIST,"5027, 1950-08-09",,25
150005,1950,HU,HIST,"JANE, 1950-08-30",,25
150006,1950,HU,HIST,"5029, 1950-09-08",,25
150807,1958,HU,HIST,"OLGA, 1958-12-01",,25
150880,1959,HU,HIST,"TILDA, 1959-04-13",,25
150882,1959,HU,HIST,"BILLIE, 1959-07-10",,25
150883,1959,HU,HIST,"ELLEN, 1959-08-01",,25
150884,1959,HU,HIST,"GEORGIA, 1959-08-10",,25
150886,1959,HU,HIST,"JOAN, 1959-08-23",,25
150890,1959,HU,HIST,"NORA, 1959-09-10",,25
150891,1959,HU,HIST,"SARAH, 1959-09-11",,25
150892,1959,HU,HIST,"VERA, 1959-09-20",,25
150893,1959,HU,HIST,"AMY, 1959-10-10",,25
150895,1959,HU,HIST,"CHARLOTTE, 1959-10-10",,25
150896,1959,HU,HIST,"DINAH, 1959-10-12",,25
150897,1959,HU,HIST,"EMMA, 1959-11-01",,25
150898,1959,HU,HIST,"FREDA, 1959-11-13",,25
150979,1960,HU,HIST,"LUCILLE, 1960-05-27",,25
150980,1960,HU,HIST,"MARY, 1960-06-10",,25
150981,1960,HU,HIST,"NADINE, 1960-06-10",,25
150983,1960,HU,HIST,"POLLY, 1960-07-17",,25
150986,1960,HU,HIST,"TRIS, 1960-08-10",,25
150987,1960,HU,HIST,"NOT NAMED, 1960-08-06",,25
150988,1960,HU,HIST,"VIRGINIA, 1960-08-10",,25
150989,1960,HU,HIST,"WENDY, 1960-08-10",,25
150990,1960,HU,HIST,"AGNES, 1960-08-10",,25
150991,1960,HU,HIST,"BESS, 1960-08-15",,25
150992,1960,HU,HIST,"CARMEN, 1960-08-15",,25
150993,1960,HU,HIST,"DELLA, 1960-08-17",,25
150995,1960,HU,HIST,"FAYE, 1960-08-23",,25
150996,1960,HU,HIST,"NOT NAMED, 1960-08-31",,25
102593,1991,HU,HIST,"AMY, 1991-07-12",,25
102603,1991,HU,HIST,"IVY, 1991-08-31",,25
102606,1991,HU,HIST,"LUKE, 1991-09-13",,25
102607,1991,HU,HIST,"MIREILLE, 1991-09-13",,25
102609,1991,HU,HIST,"ORCHID, 1991-10-01",,25
102612,1991,HU,HIST,"SETH, 1991-10-28",,25
102614,1991,HU,HIST,"VERNE, 1991-11-03",,25
102616,1991,HU,HIST,"YURI, 1991-11-16",,25
102618,1992,HU,HIST,"AXEL, 1992-01-26",,25
102623,1992,HU,HIST,"ELI, 1992-07-05",,25
102628,1992,HU,HIST,"JANIS, 1992-07-30",,25
102633,1992,HU,HIST,"OMAR, 1992-08-20",,25
102635,1992,HU,HIST,"RYAN, 1992-08-29",,25
102637,1992,HU,HIST,"TED, 1992-09-14",,25
102643,1992,HU,HIST,"BRIAN, 1992-10-14",,25
102646,1992,HU,HIST,"ELSIE, 1992-10-27",,25
102649,1992,HU,HIST,"GAY, 1992-11-13",,25
102650,1992,HU,HIST,"HUNT, 1992-11-13",,25
148177,1932,HU,HIST,"3200, 1932-11-07",,25
148277,1933,HU,HIST,"3300, 1933-10-11",,25
148377,1934,HU,HIST,"3400, 1934-09-14",,25
148477,1935,HU,HIST,"3500, 1935-08-20",,25
148478,1935,HU,HIST,"3501, 1935-09-16",,25
148479,1935,HU,HIST,"3502, 1935-09-21",,25
148577,1936,HU,HIST,"3600, 1936-10-02",,25
148677,1937,HU,HIST,"3700, 1937-09-03",,25
148777,1938,HU,HIST,"3800, 1938-08-26",,25
148778,1938,HU,HIST,"3801, 1938-08-31",,25
148981,1940,HU,HIST,"4004, 1940-06-09",,25
148984,1940,HU,HIST,"4007, 1940-07-03",,25
148985,1940,HU,HIST,"4008, 1940-07-11",,25
148990,1940,HU,HIST,"4013, 1940-07-21",,25
148998,1940,HU,HIST,"4021, 1940-08-19",,25
149003,1940,HU,HIST,"4026, 1940-08-30",,25
149004,1940,HU,HIST,"4027, 1940-09-01",,25
149010,1940,HU,HIST,"4033, 1940-09-08",,25
149021,1940,HU,HIST,"4044, 1940-10-29",,25
149079,1941,HU,HIST,"4102, 1941-06-04",,25
149084,1941,HU,HIST,"4107, 1941-07-09",,25
149085,1941,HU,HIST,"4108, 1941-07-17",,25
149087,1941,HU,HIST,"4110, 1941-07-22",,25
149088,1941,HU,HIST,"4111, 1941-07-25",,25
149089,1941,HU,HIST,"4112, 1941-07-31",,25
149091,1941,HU,HIST,"4114, 1941-08-04",,25
149095,1941,HU,HIST,"4118, 1941-07-15",,25
149098,1941,HU,HIST,"4121, 1941-08-30",,25
149100,1941,HU,HIST,"4123, 1941-09-09",,25
149102,1941,HU,HIST,"4125, 1941-09-24",,25
149104,1941,HU,HIST,"4127, 1941-10-18",,25
149184,1942,HU,HIST,"4207, 1942-07-16",,25
149185,1942,HU,HIST,"4208, 1942-07-21",,25
149189,1942,HU,HIST,"4212, 1942-08-04",,25
149191,1942,HU,HIST,"4214, 1942-08-12",,25
149193,1942,HU,HIST,"4216, 1942-08-21",,25
149194,1942,HU,HIST,"4217, 1942-08-28",,25
149198,1942,HU,HIST,"4221, 1942-09-16",,25
149199,1942,HU,HIST,"4222, 1942-09-19",,25
149202,1942,HU,HIST,"4225, 1942-09-29",,25
149280,1943,HU,HIST,"4303, 1943-04-15",,25
149281,1943,HU,HIST,"4304, 1943-04-28",,25
149282,1943,HU,HIST,"4305, 1943-05-12",,25
149283,1943,HU,HIST,"4306, 1943-06-08",,25
149288,1943,HU,HIST,"4311, 1943-07-11",,25
149289,1943,HU,HIST,"4312, 1943-07-15",,25
149290,1943,HU,HIST,"4313, 1943-07-18",,25
149291,1943,HU,HIST,"4314, 1943-07-21",,25
149292,1943,HU,HIST,"4315, 1943-07-24",,25
149295,1943,HU,HIST,"4318, 1943-08-05",,25
149296,1943,HU,HIST,"4319, 1943-08-14",,25
149298,1943,HU,HIST,"4321, 1943-08-17",,25
149299,1943,HU,HIST,"4322, 1943-08-27",,25
149303,1943,HU,HIST,"4326, 1943-09-14",,25
149304,1943,HU,HIST,"4327, 1943-09-28",,25
150007,1950,HU,HIST,"5030, 1950-11-11",,25
150009,1950,HU,HIST,"5032, 1950-09-14",,25
150010,1950,HU,HIST,"5033, 1950-09-19",,25
150011,1950,HU,HIST,"5034, 1950-01-01",,25
150013,1950,HU,HIST,"5036, 1950-10-17",,25
150014,1950,HU,HIST,"5037, 1950-10-26",,25
150015,1950,HU,HIST,"5038, 1950-10-29",,25
150017,1950,HU,HIST,"5040, 1950-11-02",,25
150078,1951,HU,HIST,"NOT NAMED, 1951-02-19",,25
150081,1951,HU,HIST,"IRIS, 1951-04-28",,25
150083,1951,HU,HIST,"KATE, 1951-06-26",,25
150084,1951,HU,HIST,"NOT NAMED, 1951-07-01",,25
150085,1951,HU,HIST,"NOT NAMED, 1951-07-22",,25
150088,1951,HU,HIST,"MARGE, 1951-08-10",,25
150092,1951,HU,HIST,"RUTH, 1951-10-10",,25
150094,1951,HU,HIST,"THELMA, 1951-10-27",,25
150095,1951,HU,HIST,"VERA, 1951-10-28",,25
150098,1951,HU,HIST,"BABS, 1951-12-10",,25
150178,1952,HU,HIST,"CHARLOTTE, 1952-06-10",,25
150179,1952,HU,HIST,"DINAH, 1952-06-19",,25
150181,1952,HU,HIST,"FREDA, 1952-07-10",,25
150182,1952,HU,HIST,"GILDA, 1952-07-15",,25
150184,1952,HU,HIST,"IVY, 1952-08-10",,25
150185,1952,HU,HIST,"JEANNE, 1952-08-04",,25
150186,1952,HU,HIST,"KAREN, 1952-08-12",,25
150191,1952,HU,HIST,"POLLY, 1952-10-01",,25
150192,1952,HU,HIST,"ROSE, 1952-10-10",,25
101987,1969,HU,HIST,"ELSIE, 1969-09-19",,25
101990,1969,HU,HIST,"HELEN, 1969-10-08",,25
102018,1970,HU,HIST,"PATSY, 1970-11-14",,25
102024,1971,HU,HIST,"AMY, 1971-04-29",,25
102039,1971,HU,HIST,"POLLY, 1971-08-04",,25
102046,1971,HU,HIST,"BESS, 1971-09-17",,25
102050,1971,HU,HIST,"FAYE, 1971-10-04",,25
102068,1972,HU,HIST,"BETTY, 1972-08-08",,25
102075,1972,HU,HIST,"TD 21, 1972-09-12",,25
102081,1972,HU,HIST,"OLGA, 1972-10-20",,25
102110,1974,HU,HIST,"WANDA, 1974-01-09",,25
102112,1974,HU,HIST,"BABE, 1974-04-25",,25
102113,1974,HU,HIST,"CARLA, 1974-05-01",,25
102119,1974,HU,HIST,"HARRIET, 1974-07-14",,25
102121,1974,HU,HIST,"IVY, 1974-07-16",,25
102127,1974,HU,HIST,"POLLY, 1974-08-24",,25
102166,1975,HU,HIST,"IDA, 1975-11-05",,25
102173,1976,HU,HIST,"NANCY, 1976-04-24",,25
102175,1976,HU,HIST,"PAMELA, 1976-05-14",,25
102178,1976,HU,HIST,"THERESE, 1976-07-08",,25
102180,1976,HU,HIST,"WILDA, 1976-07-17",,25
102182,1976,HU,HIST,"BILLIE, 1976-07-31",,25
102186,1976,HU,HIST,"FRAN, 1976-09-02",,25
102187,1976,HU,HIST,"GEORGIA, 1976-09-08",,25
102213,1977,HU,HIST,"KIM, 1977-11-06",,25
102230,1978,HU,HIST,"FAYE, 1978-08-25",,25
102243,1978,HU,HIST,"RITA, 1978-10-15",,25
102244,1978,HU,HIST,"TESS, 1978-10-31",,25
102247,1978,HU,HIST,"WINNIE, 1978-11-25",,25
102248,1979,HU,HIST,"ALICE, 1979-01-01",,25
102260,1979,HU,HIST,"JUDY, 1979-08-15",,25
102270,1979,HU,HIST,"TIP, 1979-10-04",,25
102274,1979,HU,HIST,"ABBY, 1979-11-29",,25
102284,1980,HU,HIST,"JOE, 1980-07-16",,25
102291,1980,HU,HIST,"TD16, 1980-09-01",,25
102296,1980,HU,HIST,"THELMA, 1980-09-25",,25
102298,1980,HU,HIST,"WYNNE, 1980-10-02",,25
102300,1980,HU,HIST,"BETTY, 1980-10-28",,25
102302,1980,HU,HIST,"DINAH, 1980-11-18",,25
102305,1981,HU,HIST,"GERALD, 1981-04-14",,25
102306,1981,HU,HIST,"HOLLY, 1981-04-29",,25
102325,1981,HU,HIST,"ELSIE, 1981-09-24",,25
102327,1981,HU,HIST,"GAY, 1981-10-14",,25
102328,1981,HU,HIST,"HAZEN, 1981-11-12",,25
102329,1981,HU,HIST,"IRMA, 1981-11-17",,25
102330,1981,HU,HIST,"JEFF, 1981-11-21",,25
102331,1981,HU,HIST,"KIT, 1981-12-09",,25
102342,1982,HU,HIST,"ANDY, 1982-07-21",,25
102345,1982,HU,HIST,"DOT, 1982-08-08",,25
102351,1982,HU,HIST,"JUDY, 1982-09-05",,25
102355,1982,HU,HIST,"MAC, 1982-10-01",,25
102358,1982,HU,HIST,"OWEN, 1982-10-14",,25
102359,1982,HU,HIST,"PAMELA, 1982-11-21",,25
102378,1983,HU,HIST,"MARGE, 1983-10-30",,25
102380,1983,HU,HIST,"ORCHID, 1983-11-14",,25
102389,1984,HU,HIST,"CARY, 1984-07-05",,25
102397,1984,HU,HIST,"IKE, 1984-08-26",,25
102408,1984,HU,HIST,"THAD, 1984-10-18",,25
102409,1984,HU,HIST,"VANESSA, 1984-10-22",,25
102412,1984,HU,HIST,"BILL, 1984-11-08",,25
102435,1985,HU,HIST,"DOT, 1985-10-11",,25
102448,1986,HU,HIST,"PEGGY, 1986-07-03",,25
102456,1986,HU,HIST,"ABBY, 1986-09-13",,25
102457,1986,HU,HIST,"BEN, 1986-09-19",,25
102458,1986,HU,HIST,"CARMEN, 1986-10-02",,25
102461,1986,HU,HIST,"FORREST, 1986-10-15",,25
102466,1986,HU,HIST,"KIM, 1986-11-28",,25
102467,1986,HU,HIST,"LEX, 1986-12-03",,25
102469,1986,HU,HIST,"NORRIS, 1986-12-21",,25
102474,1987,HU,HIST,"THELMA, 1987-07-06",,25
102476,1987,HU,HIST,"WYNNE, 1987-07-18",,25
102481,1987,HU,HIST,"ED, 1987-08-20",,25
102482,1987,HU,HIST,"FREDA, 1987-09-03",,25
102486,1987,HU,HIST,"IAN, 1987-09-22",,25
149305,1943,HU,HIST,"4328, 1943-10-03",,25
149307,1943,HU,HIST,"4330, 1943-10-13",,25
149379,1944,HU,HIST,"4402, 1944-01-23",,25
149380,1944,HU,HIST,"4403, 1944-02-17",,25
149382,1944,HU,HIST,"4405, 1944-05-13",,25
149383,1944,HU,HIST,"4406, 1944-06-11",,25
149387,1944,HU,HIST,"4410, 1944-07-27",,25
149388,1944,HU,HIST,"4411, 1944-08-02",,25
149389,1944,HU,HIST,"4412, 1944-08-04",,25
149391,1944,HU,HIST,"4414, 1944-08-20",,25
149392,1944,HU,HIST,"4415, 1944-08-21",,25
149393,1944,HU,HIST,"4416, 1944-09-10",,25
149395,1944,HU,HIST,"4418, 1944-09-24",,25
149397,1944,HU,HIST,"4420, 1944-10-04",,25
149400,1944,HU,HIST,"4423, 1944-09-08",,25
149479,1945,HU,HIST,"4502, 1945-06-01",,25
149483,1945,HU,HIST,"4506, 1945-07-09",,25
149485,1945,HU,HIST,"4508, 1945-07-27",,25
149488,1945,HU,HIST,"4511, 1945-08-20",,25
149489,1945,HU,HIST,"4512, 1945-08-19",,25
149490,1945,HU,HIST,"4513, 1945-08-25",,25
149493,1945,HU,HIST,"4516, 1945-09-13",,25
149496,1945,HU,HIST,"4519, 1945-10-01",,25
149497,1945,HU,HIST,"4520, 1945-10-05",,25
149498,1945,HU,HIST,"4521, 1945-11-23",,25
149579,1946,HU,HIST,"4602, 1946-05-12",,25
101402,1946,HU,HIST,"OPAL, 1946-09-07",,25
101404,1946,HU,HIST,"QUERIDA, 1946-09-18",,25
101440,1948,HU,HIST,"PEARL, 1948-07-01",,25
101448,1948,HU,HIST,"IONE, 1948-09-11",,25
101455,1948,HU,HIST,"PAT, 1948-10-27",,25
101457,1948,HU,HIST,"AGNES, 1948-11-13",,25
101459,1948,HU,HIST,"BEVERLY, 1948-12-02",,25
101466,1949,HU,HIST,"HESTER, 1949-07-19",,25
101480,1949,HU,HIST,"ALLYN, 1949-11-13",,25
101483,1950,HU,HIST,"DORIS, 1950-05-06",,25
101497,1950,HU,HIST,"BILLIE, 1950-11-05",,25
101507,1951,HU,HIST,"MARGE, 1951-08-10",,25
101513,1951,HU,HIST,"THELMA, 1951-10-26",,25
101532,1952,HU,HIST,"POLLY, 1952-09-26",,25
101538,1952,HU,HIST,"AGNES, 1952-10-28",,25
101539,1952,HU,HIST,"BESS, 1952-11-09",,25
101540,1952,HU,HIST,"CARMEN, 1952-11-15",,25
101545,1952,HU,HIST,"HESTER, 1952-12-27",,25
101547,1953,HU,HIST,"IRMA, 1953-02-18",,25
101553,1953,HU,HIST,"NINA, 1953-08-08",,25
101556,1953,HU,HIST,"PHYLLIS, 1953-08-15",,25
101557,1953,HU,HIST,"RITA, 1953-08-23",,25
101564,1953,HU,HIST,"ALICE, 1953-10-11",,25
101569,1953,HU,HIST,"DORIS, 1953-12-09",,25
101575,1954,HU,HIST,"IDA, 1954-08-18",,25
101577,1954,HU,HIST,"TS5452, 1954-08-28",,25
101578,1954,HU,HIST,"KATHY, 1954-08-28",,25
101580,1954,HU,HIST,"LORNA, 1954-09-11",,25
101581,1954,HU,HIST,"MARIE, 1954-09-19",,25
101587,1954,HU,HIST,"SALLY, 1954-11-10",,25
101588,1954,HU,HIST,"TILDA, 1954-11-22",,25
101598,1955,HU,HIST,"GEORGIA, 1955-07-23",,25
101603,1955,HU,HIST,"LOUISE, 1955-09-21",,25
101604,1955,HU,HIST,"MARGE, 1955-09-27",,25
101628,1956,HU,HIST,"TS5660, 1956-10-16",,25
101629,1956,HU,HIST,"KAREN, 1956-11-10",,25
101637,1957,HU,HIST,"TRIX, 1957-05-02",,25
101638,1957,HU,HIST,"VIRGINI, 1957-06-18",,25
101642,1957,HU,HIST,"BESS, 1957-08-27",,25
101646,1957,HU,HIST,"FAYE, 1957-09-18",,25
101648,1957,HU,HIST,"HESTER, 1957-10-03",,25
101651,1957,HU,HIST,"JUDY, 1957-10-19",,25
101652,1957,HU,HIST,"KIT, 1957-11-06",,25
101653,1957,HU,HIST,"LOLA, 1957-11-07",,25
101658,1958,HU,HIST,"SUSAN, 1958-06-13",,25
101659,1958,HU,HIST,"TESS, 1958-06-29",,25
101660,1958,HU,HIST,"VIOLA, 1958-07-08",,25
101664,1958,HU,HIST,"DORIS, 1958-07-22",,25
101667,1958,HU,HIST,"GRACE, 1958-08-29",,25
101669,1958,HU,HIST,"IDA, 1958-09-20",,25
101672,1958,HU,HIST,"LORNA, 1958-10-23",,25
101676,1958,HU,HIST,"OLGA, 1958-12-02",,25
101692,1959,HU,HIST,"SARAH, 1959-09-11",,25
101693,1959,HU,HIST,"VERA, 1959-09-21",,25
101697,1959,HU,HIST,"DINAH, 1959-10-14",,25
101698,1959,HU,HIST,"EMMA, 1959-11-05",,25
101720,1960,HU,HIST,"HESTER, 1960-09-04",,25
101725,1960,HU,HIST,"MAMIE, 1960-10-14",,25
101746,1961,HU,HIST,"NANCY, 1961-09-07",,25
101767,1962,HU,HIST,"RUTH, 1962-08-13",,25
101772,1962,HU,HIST,"AMY, 1962-08-29",,25
101776,1962,HU,HIST,"EMMA, 1962-10-01",,25
101782,1962,HU,HIST,"KAREN, 1962-11-07",,25
101785,1962,HU,HIST,"NADINE, 1962-12-06",,25
101786,1963,HU,HIST,"OLIVE, 1963-04-27",,25
101792,1963,HU,HIST,"WENDY, 1963-07-09",,25
101794,1963,HU,HIST,"BESS, 1963-07-27",,25
101800,1963,HU,HIST,"HESTER, 1963-09-08",,25
101801,1963,HU,HIST,"IRMA, 1963-09-17",,25
101802,1963,HU,HIST,"JUDY, 1963-09-30",,25
101804,1963,HU,HIST,"LOLA, 1963-10-08",,25
101810,1963,HU,HIST,"SUSAN, 1963-12-18",,25
101814,1964,HU,HIST,"ALICE, 1964-06-26",,25
101831,1964,HU,HIST,"SALLY, 1964-09-03",,25
101851,1965,HU,HIST,"RUTH, 1965-01-21",,25
101859,1965,HU,HIST,"DINAH, 1965-06-12",,25
102490,1987,HU,HIST,"LYNN, 1987-10-14",,25
102491,1987,HU,HIST,"MAURY, 1987-11-07",,25
102495,1988,HU,HIST,"ROY, 1988-01-05",,25
102500,1988,HU,HIST,"WARREN, 1988-07-11",,25
102521,1989,HU,HIST,"WINONA, 1989-01-09",,25
102529,1989,HU,HIST,"HOPE, 1989-07-13",,25
102531,1989,HU,HIST,"JUDY, 1989-07-20",,25
102535,1989,HU,HIST,"OWEN, 1989-08-04",,25
102547,1989,HU,HIST,"COLLEEN, 1989-09-27",,25
102550,1989,HU,HIST,"FORREST, 1989-10-18",,25
102552,1989,HU,HIST,"HUNT, 1989-11-10",,25
102554,1989,HU,HIST,"TD35W, 1989-12-01",,25
102555,1989,HU,HIST,"JACK, 1989-12-20",,25
102556,1990,HU,HIST,"KORYN, 1990-01-08",,25
102557,1990,HU,HIST,"LEWIS, 1990-04-27",,25
102568,1990,HU,HIST,"YANCY, 1990-08-09",,25
102570,1990,HU,HIST,"ABE, 1990-08-22",,25
102572,1990,HU,HIST,"DOT, 1990-09-02",,25
102575,1990,HU,HIST,"FLO, 1990-09-08",,25
102577,1990,HU,HIST,"HATTIE, 1990-09-28",,25
102580,1990,HU,HIST,"KYLE, 1990-10-13",,25
102584,1990,HU,HIST,"PAGE, 1990-11-05",,25
102586,1990,HU,HIST,"RUSS, 1990-12-13",,25
102590,1991,HU,HIST,"WALT, 1991-05-04",,25
2848377,2006,HU,HIST,"GORDON, 2006-09-10",,25
2848378,2006,HU,HIST,"HELENE, 2006-09-12",,25
2848379,2006,HU,HIST,"ISAAC, 2006-09-27",,25
2848380,2007,HU,HIST,"ANDREA, 2007-05-06",,25
2848381,2007,HU,HIST,"BARRY, 2007-05-31",,25
2848382,2007,HU,HIST,"CHANTAL, 2007-07-31",,25
2848383,2007,HU,HIST,"DEAN, 2007-08-13",,25
2848384,2007,HU,HIST,"ERIN, 2007-08-15",,25
2848385,2007,HU,HIST,"FELIX, 2007-08-31",,25
2848386,2007,HU,HIST,"GABRIELLE, 2007-09-08",,25
2848387,2007,HU,HIST,"HUMBERTO, 2007-09-12",,25
2848388,2007,HU,HIST,"INGRID, 2007-09-12",,25
2848389,2007,HU,HIST,"JERRY, 2007-09-23",,25
2848390,2007,HU,HIST,"KAREN, 2007-09-25",,25
2848391,2007,HU,HIST,"LORENZO, 2007-09-25",,25
2848392,2007,HU,HIST,"MELISSA, 2007-09-28",,25
2848393,2007,HU,HIST,"NOEL, 2007-10-24",,25
2848394,2007,HU,HIST,"OLGA, 2007-12-10",,25
2848395,2008,HU,HIST,"ARTHUR, 2008-05-31",,25
2848396,2008,HU,HIST,"BERTHA, 2008-07-03",,25
2848397,2008,HU,HIST,"CRISTOBAL, 2008-07-19",,25
2848398,2008,HU,HIST,"DOLLY, 2008-07-20",853,25
2848399,2008,HU,HIST,"EDOUARD, 2008-08-03",,25
2848400,2008,HU,HIST,"FAY, 2008-08-15",857,25
2848401,2008,HU,HIST,"GUSTAV, 2008-08-25",858,25
2848402,2008,HU,HIST,"HANNA, 2008-08-28",859,25
2848403,2008,HU,HIST,"IKE, 2008-09-01",860,25
2848404,2008,HU,HIST,"JOSEPHINE, 2008-09-02",,25
2848405,2008,HU,HIST,"KYLE, 2008-09-25",,25
2848406,2008,HU,HIST,"LAURA, 2008-09-26",,25
2848407,2008,HU,HIST,"MARCO, 2008-10-06",,25
2848408,2008,HU,HIST,"NANA, 2008-10-12",,25
2848409,2008,HU,HIST,"OMAR, 2008-10-13",,25
2848410,2008,HU,HIST,"PALOMA, 2008-11-05",,25
2848411,1957,HU,HIST,"KANOA, 1957-07-15",,25
2848412,1957,HU,HIST,"NINA, 1957-11-29",,25
2848413,1958,HU,HIST,"NOT NAMED, 1958-08-07",,25
2848414,1959,HU,HIST,"Dot, 1959-08-02",,25
2848415,1963,HU,HIST,"IRAH, 1963-09-12",,25
2848416,1972,HU,HIST,"DIANA, 1972-08-11",,25
2848417,1981,HU,HIST,"JOVA, 1981-09-14",,25
2848418,1982,HU,HIST,"DANIEL, 1982-07-07",,25
2848419,1982,HU,HIST,"GILMA, 1982-07-26",,25
2848420,1982,HU,HIST,"Iwa, 1982-11-19",8273,25
2848421,1983,HU,HIST,"GIL, 1983-07-23",,25
2848422,1983,HU,HIST,"RAYMOND, 1983-10-08",,25
2848423,1986,HU,HIST,"ESTELLE, 1986-07-16",,25
2848424,1988,HU,HIST,"GILMA, 1988-07-28",,25
2848425,1989,HU,HIST,"DALILIA, 1989-07-11",,25
2848426,1991,HU,HIST,"FEFA, 1991-07-29",,25
2848427,1992,HU,HIST,"ORLENE, 1992-09-02",,25
2848428,1992,HU,HIST,"INIKI, 1992-09-11",9230,25
2848429,1993,HU,HIST,"EUGENE, 1993-07-15",,25
2848430,2005,HU,HIST,"KATRINA, 2005-08-23",549,25
3156500,2011,HU,HIST,"IRENE, 2011-08-21",1159,25
3156501,2012,HU,HIST,"ISAAC, 2012-08-21",1287,25
3156502,2012,HU,HIST,"SANDY, 2012-10-22",1290,25
16525141,2014,HU,HIST,"Odile, 2014-09-12",,25
16525142,2015,HU,HIST,"Patricia, 2015-06-20",,25
16525601,2010,HU,HIST,"Earl, 2010-08-24",,25
16525602,2010,HU,HIST,"Igor, 2010-09-08",,25
16525603,2010,HU,HIST,"Tomas, 2010-10-29",,25
16525604,2014,HU,HIST,"Gonzalo, 2014-10-11",,25
16525605,2015,HU,HIST,"Joaquin, 2015-09-26",,25
16525606,2016,HU,HIST,"Matthew, 2016-09-28",1650,25
16525607,2016,HU,HIST,"Hermine, 2016-08-28",1646,25
16525608,2017,HU,HIST,"HARVEY, 2017-08-16",1743,25
16525609,2017,HU,HIST,"IRMA, 2017-08-30",1744,25
16525610,2017,HU,HIST,"MARIA, 2017-09-16",1745,25
16525611,2017,HU,HIST,"NATE, 2017-10-03",1746,25
16525613,2018,HU,HIST,"MICHAEL, 2018-10-06",1857,25
16525614,2019,HU,HIST,"Dorian, 2019-08-24",1954,25
16525615,2020,HU,HIST,"Laura, 2020-08-20",2050,25
16525616,2020,HU,HIST,"Sally, 2020-09-11",2063,25
16525617,2020,HU,HIST,"Delta, 2020-10-04",2071,25
16525618,2020,HU,HIST,"Zeta, 2020-10-24",2074,25
16525619,2018,HU,HIST,"FLORENCE, 2018-08-30",1852,25
16525620,2021,HU,HIST,"ELSA, 2021-06-30",2141,25
16525621,2021,HU,HIST,"IDA, 2021-08-26",2160,25
101863,1965,HU,HIST,"HARRIET, 1965-07-21",,25
101875,1965,HU,HIST,"VIRGINI, 1965-09-13",,25
101876,1965,HU,HIST,"WENDY, 1965-09-16",,25
101878,1965,HU,HIST,"BESS, 1965-09-27",,25
101879,1965,HU,HIST,"CARMEN, 1965-10-01",,25
101908,1966,HU,HIST,"JUNE, 1966-09-22",,25
101917,1967,HU,HIST,"THERESE, 1967-03-16",,25
101944,1967,HU,HIST,"DINAH, 1967-10-17",,25
101947,1967,HU,HIST,"GILDA, 1967-11-08",,25
101948,1967,HU,HIST,"HARRIET, 1967-11-17",,25
101950,1968,HU,HIST,"JEAN, 1968-04-06",,25
101953,1968,HU,HIST,"MARY, 1968-07-20",,25
101961,1968,HU,HIST,"WENDY, 1968-08-28",,25
101962,1968,HU,HIST,"AGNES, 1968-08-28",,25
101965,1968,HU,HIST,"CARMEN, 1968-09-16",,25
101970,1968,HU,HIST,"IRMA, 1968-10-20",,25
101971,1968,HU,HIST,"JUDY, 1968-10-24",,25
101972,1968,HU,HIST,"KIT, 1968-10-30",,25
101975,1968,HU,HIST,"NINA, 1968-11-18",,25
101976,1968,HU,HIST,"ORA, 1968-11-22",,25
101977,1969,HU,HIST,"PHYLLIS, 1969-01-17",,25
2848283,2000,HU,HIST,"SUBTROP, 2000-10-25",,25
2848284,2001,HU,HIST,"ALLISON, 2001-06-05",144,25
2848285,2001,HU,HIST,"BARRY, 2001-08-02",,25
2848286,2001,HU,HIST,"CHANTAL, 2001-08-14",,25
2848287,2001,HU,HIST,"DEAN, 2001-08-22",,25
2848288,2001,HU,HIST,"ERIN, 2001-09-01",,25
2848289,2001,HU,HIST,"FELIX, 2001-09-07",,25
2848290,2001,HU,HIST,"GABRIELLE, 2001-09-11",149,25
2848291,2001,HU,HIST,"HUMBERTO, 2001-09-21",,25
2848292,2001,HU,HIST,"IRIS, 2001-10-04",,25
2848293,2001,HU,HIST,"JERRY, 2001-10-06",,25
2848294,2001,HU,HIST,"KAREN, 2001-10-11",,25
2848295,2001,HU,HIST,"LORENZO, 2001-10-27",,25
2848296,2001,HU,HIST,"MICHELLE, 2001-10-29",,25
2848297,2001,HU,HIST,"NOEL, 2001-11-04",,25
2848298,2001,HU,HIST,"OLGA, 2001-11-23",,25
2848299,2002,HU,HIST,"ARTHUR, 2002-07-14",,25
2848300,2002,HU,HIST,"BERTHA, 2002-08-04",,25
2848301,2002,HU,HIST,"CRISTOBAL, 2002-08-05",,25
2848302,2002,HU,HIST,"DOLLY, 2002-08-29",,25
2848303,2002,HU,HIST,"EDOUARD, 2002-09-01",,25
2848304,2002,HU,HIST,"FAY, 2002-09-05",,25
2848305,2002,HU,HIST,"GUSTAV, 2002-09-08",,25
2848306,2002,HU,HIST,"HANNA, 2002-09-12",,25
2848307,2002,HU,HIST,"ISIDORE, 2002-09-14",273,25
2848308,2002,HU,HIST,"JOSEPHINE, 2002-09-17",,25
2848309,2002,HU,HIST,"KYLE, 2002-09-20",,25
2848310,2002,HU,HIST,"LILI, 2002-09-21",274,25
2848311,2003,HU,HIST,"ANA, 2003-04-18",,25
2848312,2003,HU,HIST,"BILL, 2003-06-28",,25
2848313,2003,HU,HIST,"CLAUDETTE, 2003-07-07",390,25
2848314,2003,HU,HIST,"DANNY, 2003-07-16",,25
2848315,2003,HU,HIST,"ERIKA, 2003-08-14",,25
2848316,2003,HU,HIST,"FABIAN, 2003-08-27",,25
2848317,2003,HU,HIST,"GRACE, 2003-08-30",,25
2848318,2003,HU,HIST,"HENRI, 2003-09-03",,25
2848319,2003,HU,HIST,"ISABEL, 2003-09-06",395,25
2848320,2003,HU,HIST,"JUAN, 2003-09-24",,25
2848321,2003,HU,HIST,"KATE, 2003-09-25",,25
2848322,2003,HU,HIST,"LARRY, 2003-09-27",,25
2848323,2003,HU,HIST,"MINDY, 2003-10-10",,25
2848324,2003,HU,HIST,"NICHOLAS, 2003-10-13",,25
2848325,2003,HU,HIST,"ODETTE, 2003-12-04",,25
2848326,2003,HU,HIST,"PETER, 2003-12-07",,25
2848327,2004,HU,HIST,"ALEX, 2004-07-31",,25
2848328,2004,HU,HIST,"BONNIE, 2004-08-03",,25
2848329,2004,HU,HIST,"CHARLEY, 2004-08-09",426,25
2848330,2004,HU,HIST,"DANIELLE, 2004-08-13",,25
2848331,2004,HU,HIST,"EARL, 2004-08-13",,25
2848332,2004,HU,HIST,"FRANCES, 2004-08-25",428,25
2848333,2004,HU,HIST,"GASTON, 2004-08-27",427,25
2848334,2004,HU,HIST,"HERMINE, 2004-08-27",,25
2848335,2004,HU,HIST,"IVAN, 2004-09-02",430,25
2848336,2004,HU,HIST,"JEANNE, 2004-09-13",429,25
2848337,2004,HU,HIST,"KARL, 2004-09-16",,25
2848338,2004,HU,HIST,"LISA, 2004-09-19",,25
2848339,2004,HU,HIST,"MATTHEW, 2004-10-08",,25
2848340,2004,HU,HIST,"NICOLE, 2004-10-10",,25
2848341,2004,HU,HIST,"OTTO, 2004-11-26",,25
2848342,2005,HU,HIST,"ARLENE, 2005-06-08",,25
2848343,2005,HU,HIST,"BRET, 2005-06-28",,25
2848344,2005,HU,HIST,"CINDY, 2005-07-03",546,25
2848345,2005,HU,HIST,"DENNIS, 2005-07-04",547,25
2848346,2005,HU,HIST,"EMILY, 2005-07-11",,25
2848347,2005,HU,HIST,"FRANKLIN, 2005-07-21",,25
2848348,2005,HU,HIST,"GERT, 2005-07-23",,25
2848349,2005,HU,HIST,"HARVEY, 2005-08-02",,25
2848350,2005,HU,HIST,"IRENE, 2005-08-04",,25
2848351,2005,HU,HIST,"JOSE, 2005-08-22",,25
2848352,2005,HU,HIST,"KATRINA, 2005-08-23",549,25
2848353,2005,HU,HIST,"LEE, 2005-08-28",,25
2848354,2005,HU,HIST,"MARIA, 2005-09-01",,25
2848355,2005,HU,HIST,"NATE, 2005-09-05",,25
2848356,2005,HU,HIST,"OPHELIA, 2005-09-06",550,25
2848357,2005,HU,HIST,"PHILIPPE, 2005-09-17",,25
2848358,2005,HU,HIST,"RITA, 2005-09-18",551,25
2848359,2005,HU,HIST,"STAN, 2005-10-01",,25
2848360,2005,HU,HIST,"SUBTROP, 2005-10-04",,25
2848361,2005,HU,HIST,"TAMMY, 2005-10-05",,25
2848362,2005,HU,HIST,"VINCE, 2005-10-08",,25
2848363,2005,HU,HIST,"WILMA, 2005-10-15",554,25
2848364,2005,HU,HIST,"ALPHA, 2005-10-22",,25
2848365,2005,HU,HIST,"BETA, 2005-10-26",,25
2848366,2005,HU,HIST,"GAMMA, 2005-11-14",,25
2848367,2005,HU,HIST,"DELTA, 2005-11-19",,25
2848368,2005,HU,HIST,"EPSILON, 2005-11-29",,25
2848369,2005,HU,HIST,"ZETA, 2005-12-30",,25
16525622,2022,HU,HIST,"IAN, 2022-09-22",2261,25
16525623,2022,HU,HIST,"NICOLE, 2022-11-06",2267,25
157359,0,HU,RDS,DLM Japan Typhoon,N/A,25
2848918,0,HU,RDS,Gulf of Mexico Windstorm,N/A,25
2865409,0,HU,RDS,Florida Windstorm - Miami-Dade,N/A,25
2867710,0,HU,RDS,South Carolina Hurricane,N/A,25
2869298,0,HU,RDS,Florida Windstorm - Pinellas,N/A,25
2874165,0,HU,RDS,Northeast Hurricane,N/A,25
3160136,0,HU,RDS,European Windstorm,N/A,25
101384,1945,HU,HIST,"IDA, 1945-09-10",,25
101388,1945,HU,HIST,"KATE, 1945-09-28",,25
101389,1945,HU,HIST,"LOUISE, 1945-10-02",,25
101393,1946,HU,HIST,"BARBARA, 1946-03-27",,25
2848190,1993,HU,HIST,"CINDY, 1993-08-14",,25
2848191,1993,HU,HIST,"DENNIS, 1993-08-23",,25
2848192,1993,HU,HIST,"EMILY, 1993-08-22",9368,25
2848193,1993,HU,HIST,"FLOYD, 1993-09-07",,25
2848194,1993,HU,HIST,"GERT, 1993-09-14",,25
2848195,1993,HU,HIST,"HARVEY, 1993-09-18",,25
2848196,1994,HU,HIST,"ALBERTO, 1994-06-30",9495,25
2848197,1994,HU,HIST,"BERYL, 1994-08-14",9411,25
2848198,1994,HU,HIST,"CHRIS, 1994-08-16",,25
2848199,1994,HU,HIST,"DEBBY, 1994-09-09",,25
2848200,1994,HU,HIST,"ERNESTO, 1994-09-21",,25
2848201,1994,HU,HIST,"FLORENCE, 1994-11-02",,25
2848202,1994,HU,HIST,"GORDON, 1994-11-08",9422,25
2848203,1995,HU,HIST,"ALLISON, 1995-06-03",,25
2848204,1995,HU,HIST,"BARRY, 1995-07-05",,25
2848205,1995,HU,HIST,"CHANTAL, 1995-07-12",,25
2848206,1995,HU,HIST,"DEAN, 1995-07-28",,25
2848207,1995,HU,HIST,"ERIN, 1995-07-31",9550,25
2848208,1995,HU,HIST,"FELIX, 1995-08-08",,25
2848209,1995,HU,HIST,"GABRIELLE, 1995-08-09",,25
2848210,1995,HU,HIST,"HUMBERTO, 1995-08-22",,25
2848211,1995,HU,HIST,"IRIS, 1995-08-22",,25
2848212,1995,HU,HIST,"JERRY, 1995-08-22",,25
2848213,1995,HU,HIST,"KAREN, 1995-08-26",,25
2848214,1995,HU,HIST,"LUIS, 1995-08-27",,25
2848215,1995,HU,HIST,"MARILYN, 1995-09-12",9552,25
2848216,1995,HU,HIST,"NOEL, 1995-09-26",,25
2848217,1995,HU,HIST,"OPAL, 1995-09-27",9554,25
2848218,1995,HU,HIST,"PABLO, 1995-10-04",,25
2848219,1995,HU,HIST,"ROXANNE, 1995-10-07",,25
2848220,1995,HU,HIST,"SEBASTIEN, 1995-10-20",,25
2848221,1995,HU,HIST,"TANYA, 1995-10-27",,25
2848222,1996,HU,HIST,"ARTHUR, 1996-06-17",,25
2848223,1996,HU,HIST,"BERTHA, 1996-07-05",9682,25
2848224,1996,HU,HIST,"CESAR, 1996-07-24",,25
2848225,1996,HU,HIST,"DOLLY, 1996-08-19",,25
2848226,1996,HU,HIST,"EDOUARD, 1996-08-19",9687,25
2848227,1996,HU,HIST,"FRAN, 1996-08-23",9688,25
2848228,1996,HU,HIST,"GUSTAV, 1996-08-26",,25
2848229,1996,HU,HIST,"HORTENSE, 1996-09-03",9689,25
2848230,1996,HU,HIST,"ISIDORE, 1996-09-24",,25
2848231,1996,HU,HIST,"JOSEPHINE, 1996-10-04",9690,25
2848232,1996,HU,HIST,"KYLE, 1996-10-11",,25
2848233,1996,HU,HIST,"LILI, 1996-10-14",,25
2848234,1996,HU,HIST,"MARCO, 1996-11-13",,25
2848235,1997,HU,HIST,"SUBTROP, 1997-05-31",,25
2848236,1997,HU,HIST,"ANA, 1997-06-30",,25
2848237,1997,HU,HIST,"BILL, 1997-07-11",,25
2848238,1997,HU,HIST,"CLAUDETTE, 1997-07-13",,25
2848239,1997,HU,HIST,"DANNY, 1997-07-16",9729,25
2848240,1997,HU,HIST,"ERIKA, 1997-09-03",,25
2848241,1997,HU,HIST,"FABIAN, 1997-10-04",,25
2848242,1997,HU,HIST,"GRACE, 1997-10-14",,25
2848243,1998,HU,HIST,"ALEX, 1998-07-27",,25
2848244,1998,HU,HIST,"BONNIE, 1998-08-19",9866,25
2848245,1998,HU,HIST,"CHARLEY, 1998-08-21",9864,25
2848246,1998,HU,HIST,"DANIELLE, 1998-08-24",,25
2848247,1998,HU,HIST,"EARL, 1998-08-31",,25
2848248,1998,HU,HIST,"FRANCES, 1998-09-08",9868,25
2848249,1998,HU,HIST,"GEORGES, 1998-09-15",9869,25
2848250,1998,HU,HIST,"HERMINE, 1998-09-17",,25
2848251,1998,HU,HIST,"IVAN, 1998-09-19",,25
2848252,1998,HU,HIST,"JEANNE, 1998-09-21",,25
2848253,1998,HU,HIST,"KARL, 1998-09-23",,25
2848254,1998,HU,HIST,"LISA, 1998-10-05",,25
2848255,1998,HU,HIST,"MITCH, 1998-10-22",,25
2848256,1998,HU,HIST,"NICOLE, 1998-11-24",,25
2848257,1999,HU,HIST,"ARLENE, 1999-06-11",,25
2848258,1999,HU,HIST,"BRET, 1999-08-18",9995,25
2848259,1999,HU,HIST,"CINDY, 1999-08-19",,25
2848260,1999,HU,HIST,"DENNIS, 1999-08-24",9996,25
2848261,1999,HU,HIST,"EMILY, 1999-08-24",,25
2848262,1999,HU,HIST,"FLOYD, 1999-09-07",9997,25
2848263,1999,HU,HIST,"GERT, 1999-09-11",,25
2848264,1999,HU,HIST,"HARVEY, 1999-09-19",,25
2848265,1999,HU,HIST,"IRENE, 1999-10-12",9998,25
2848266,1999,HU,HIST,"JOSE, 1999-10-17",,25
2848267,1999,HU,HIST,"KATRINA, 1999-10-28",,25
2848268,1999,HU,HIST,"LENNY, 1999-11-13",9999,25
2848269,2000,HU,HIST,"ALBERTO, 2000-08-03",,25
2848270,2000,HU,HIST,"BERYL, 2000-08-13",,25
2848271,2000,HU,HIST,"CHRIS, 2000-08-17",,25
2848272,2000,HU,HIST,"DEBBY, 2000-08-19",,25
2848273,2000,HU,HIST,"ERNESTO, 2000-09-01",,25
2848274,2000,HU,HIST,"FLORENCE, 2000-09-10",,25
2848275,2000,HU,HIST,"GORDON, 2000-09-14",,25
2848276,2000,HU,HIST,"HELENE, 2000-09-15",,25
2848277,2000,HU,HIST,"ISAAC, 2000-09-21",,25
2848278,2000,HU,HIST,"JOYCE, 2000-09-25",,25
2848279,2000,HU,HIST,"KEITH, 2000-09-28",,25
2848280,2000,HU,HIST,"LESLIE, 2000-10-04",,25
2848281,2000,HU,HIST,"MICHAEL, 2000-10-15",,25
2848282,2000,HU,HIST,"NADINE, 2000-10-19",,25
2848370,2006,HU,HIST,"ALBERTO, 2006-06-10",,25
2848371,2006,HU,HIST,"NOTNAMED, 2006-07-16",,25
2848372,2006,HU,HIST,"BERYL, 2006-07-18",,25
2848373,2006,HU,HIST,"CHRIS, 2006-08-01",,25
2848374,2006,HU,HIST,"DEBBY, 2006-08-21",,25
2848375,2006,HU,HIST,"ERNESTO, 2006-08-24",682,25
2848376,2006,HU,HIST,"FLORENCE, 2006-09-03",,25
2848002,1973,HU,HIST,"ALFA, 1973-07-30",,25
2848003,1973,HU,HIST,"BRENDA, 1973-08-18",,25
2848004,1973,HU,HIST,"CHRISTINE, 1973-08-25",,25
2848005,1973,HU,HIST,"DELIA, 1973-09-01",7349,25
2848006,1973,HU,HIST,"ELLEN, 1973-09-14",,25
2848007,1973,HU,HIST,"FRAN, 1973-10-08",,25
2848096,1983,HU,HIST,"BARRY, 1983-08-23",,25
2848097,1983,HU,HIST,"CHANTAL, 1983-09-10",,25
2848098,1983,HU,HIST,"DEAN, 1983-09-26",,25
2848099,1984,HU,HIST,"SUBTROP1, 1984-08-18",,25
2848100,1984,HU,HIST,"ARTHUR, 1984-08-28",,25
2848101,1984,HU,HIST,"BERTHA, 1984-08-30",,25
2848102,1984,HU,HIST,"CESAR, 1984-08-31",,25
2848103,1984,HU,HIST,"DIANA, 1984-09-08",8448,25
2848104,1984,HU,HIST,"EDOUARD, 1984-09-14",,25
2848105,1984,HU,HIST,"FRAN, 1984-09-15",,25
2848106,1984,HU,HIST,"GUSTAV, 1984-09-16",,25
2848107,1984,HU,HIST,"HORTENSE, 1984-09-23",,25
2848108,1984,HU,HIST,"ISIDORE, 1984-09-25",,25
2848109,1984,HU,HIST,"JOSEPHINE, 1984-10-07",,25
2848110,1984,HU,HIST,"KLAUS, 1984-11-05",,25
2848111,1984,HU,HIST,"LILI, 1984-12-12",,25
2848112,1985,HU,HIST,"ANA, 1985-07-15",,25
2848113,1985,HU,HIST,"BOB, 1985-07-21",8576,25
2848114,1985,HU,HIST,"CLAUDETTE, 1985-08-09",,25
2848115,1985,HU,HIST,"DANNY, 1985-08-12",,25
2848116,1985,HU,HIST,"ELENA, 1985-08-28",8581,25
2848117,1985,HU,HIST,"FABIAN, 1985-09-15",,25
2848118,1985,HU,HIST,"GLORIA, 1985-09-16",8582,25
2848119,1985,HU,HIST,"HENRI, 1985-09-21",,25
2848120,1985,HU,HIST,"ISABEL, 1985-10-07",,25
2848121,1985,HU,HIST,"JUAN, 1985-10-26",8583,25
2848122,1985,HU,HIST,"KATE, 1985-11-15",8586,25
2848123,1986,HU,HIST,"ANDREW, 1986-06-05",,25
2848124,1986,HU,HIST,"BONNIE, 1986-06-23",,25
2848125,1986,HU,HIST,"CHARLEY, 1986-08-13",8618,25
2848126,1986,HU,HIST,"DANIELLE, 1986-09-07",,25
2848127,1986,HU,HIST,"EARL, 1986-09-10",,25
2848128,1986,HU,HIST,"FRANCES, 1986-11-18",,25
2848129,1987,HU,HIST,"NOTNAMED, 1987-08-09",,25
2848130,1987,HU,HIST,"ARLENE, 1987-08-08",,25
2848131,1987,HU,HIST,"BRET, 1987-08-18",,25
2848132,1987,HU,HIST,"CINDY, 1987-09-05",,25
2848133,1987,HU,HIST,"DENNIS, 1987-09-08",,25
2848134,1987,HU,HIST,"EMILY, 1987-09-20",,25
2848135,1987,HU,HIST,"FLOYD, 1987-10-09",,25
2848136,1988,HU,HIST,"ALBERTO, 1988-08-05",,25
2848137,1988,HU,HIST,"BERYL, 1988-08-08",,25
2848138,1988,HU,HIST,"CHRIS, 1988-08-21",,25
2848139,1988,HU,HIST,"DEBBY, 1988-08-31",,25
2848140,1988,HU,HIST,"ERNESTO, 1988-09-03",,25
2848141,1988,HU,HIST,"NOTNAMED, 1988-09-07",,25
2848142,1988,HU,HIST,"FLORENCE, 1988-09-07",8868,25
2848143,1988,HU,HIST,"GILBERT, 1988-09-08",8870,25
2848144,1988,HU,HIST,"HELENE, 1988-09-19",,25
2848145,1988,HU,HIST,"ISAAC, 1988-09-28",,25
2848146,1988,HU,HIST,"JOAN, 1988-10-10",,25
2848147,1988,HU,HIST,"KEITH, 1988-11-17",8875,25
2848148,1989,HU,HIST,"ALLISON, 1989-06-24",8912,25
2848149,1989,HU,HIST,"BARRY, 1989-07-09",,25
2848150,1989,HU,HIST,"CHANTAL, 1989-07-30",8915,25
2848151,1989,HU,HIST,"DEAN, 1989-07-31",,25
2848152,1989,HU,HIST,"ERIN, 1989-08-18",,25
2848153,1989,HU,HIST,"FELIX, 1989-08-26",,25
2848154,1989,HU,HIST,"GABRIELLE, 1989-08-30",,25
2848155,1989,HU,HIST,"HUGO, 1989-09-10",8918,25
2848156,1989,HU,HIST,"IRIS, 1989-09-16",,25
2848157,1989,HU,HIST,"JERRY, 1989-10-12",8919,25
2848158,1989,HU,HIST,"KAREN, 1989-11-28",,25
2848159,1990,HU,HIST,"ARTHUR, 1990-07-22",,25
2848160,1990,HU,HIST,"BERTHA, 1990-07-24",,25
2848161,1990,HU,HIST,"CESAR, 1990-07-31",,25
2848162,1990,HU,HIST,"DIANA, 1990-08-04",,25
2848163,1990,HU,HIST,"EDOUARD, 1990-08-02",,25
2848164,1990,HU,HIST,"FRAN, 1990-08-11",,25
2848165,1990,HU,HIST,"GUSTAV, 1990-08-24",,25
2848166,1990,HU,HIST,"HORTENSE, 1990-08-25",,25
2848167,1990,HU,HIST,"ISIDORE, 1990-09-04",,25
2848168,1990,HU,HIST,"JOSEPHINE, 1990-09-21",,25
2848169,1990,HU,HIST,"KLAUS, 1990-10-03",,25
2848170,1990,HU,HIST,"LILI, 1990-10-06",,25
2848171,1990,HU,HIST,"MARCO, 1990-10-09",9051,25
2848172,1990,HU,HIST,"NANA, 1990-10-16",,25
2848173,1991,HU,HIST,"ANA, 1991-06-29",,25
2848174,1991,HU,HIST,"BOB, 1991-08-16",9185,25
2848175,1991,HU,HIST,"CLAUDETTE, 1991-09-04",,25
2848176,1991,HU,HIST,"DANNY, 1991-09-07",,25
2848177,1991,HU,HIST,"ERIKA, 1991-09-08",,25
2848178,1991,HU,HIST,"FABIAN, 1991-10-15",,25
2848179,1991,HU,HIST,"GRACE, 1991-10-25",,25
2848180,1991,HU,HIST,"NOTNAMED, 1991-10-28",,25
2848181,1992,HU,HIST,"SUBTROP1, 1992-04-21",,25
2848182,1992,HU,HIST,"ANDREW, 1992-08-16",9227,25
2848183,1992,HU,HIST,"BONNIE, 1992-09-17",,25
2848184,1992,HU,HIST,"CHARLEY, 1992-09-21",,25
2848185,1992,HU,HIST,"DANIELLE, 1992-09-22",,25
2848186,1992,HU,HIST,"EARL, 1992-09-26",,25
2848187,1992,HU,HIST,"FRANCES, 1992-10-22",,25
2848188,1993,HU,HIST,"ARLENE, 1993-06-18",,25
2848189,1993,HU,HIST,"BRET, 1993-08-04",,25
2847908,1964,HU,HIST,"NOTNAMED, 1964-06-02",,25
2847909,1964,HU,HIST,"NOTNAMED, 1964-07-28",,25
2847910,1964,HU,HIST,"ABBY, 1964-08-05",,25
2847911,1964,HU,HIST,"BRENDA, 1964-08-07",,25
2847912,1964,HU,HIST,"CLEO, 1964-08-20",6476,25
2847913,1964,HU,HIST,"DORA, 1964-08-28",6477,25
2847914,1964,HU,HIST,"ETHEL, 1964-09-04",,25
2847915,1964,HU,HIST,"FLORENCE, 1964-09-05",,25
2847916,1964,HU,HIST,"GLADYS, 1964-09-13",,25
2847917,1964,HU,HIST,"HILDA, 1964-09-28",6478,25
2847918,1964,HU,HIST,"ISBELL, 1964-10-08",,25
2847919,1964,HU,HIST,"NOTNAMED, 1964-11-05",,25
2848008,1973,HU,HIST,"GILDA, 1973-10-16",,25
2848009,1974,HU,HIST,"SUBTROP1, 1974-06-24",,25
2848010,1974,HU,HIST,"SUBTROP2, 1974-07-16",,25
2848011,1974,HU,HIST,"SUBTROP3, 1974-08-10",,25
2848012,1974,HU,HIST,"ALMA, 1974-08-12",,25
2848013,1974,HU,HIST,"BECKY, 1974-08-26",,25
2848014,1974,HU,HIST,"CARMEN, 1974-08-29",7492,25
2848015,1974,HU,HIST,"DOLLY, 1974-09-02",,25
2848016,1974,HU,HIST,"ELAINE, 1974-09-04",,25
2848017,1974,HU,HIST,"FIFI, 1974-09-14",,25
2848018,1974,HU,HIST,"GERTRUDE, 1974-09-27",,25
2848019,1974,HU,HIST,"SUBTROP4, 1974-10-04",,25
2848020,1975,HU,HIST,"AMY, 1975-06-27",,25
2848021,1975,HU,HIST,"BLANCHE, 1975-07-24",,25
2848022,1975,HU,HIST,"CAROLINE, 1975-08-24",,25
2848023,1975,HU,HIST,"DORIS, 1975-08-28",,25
2848024,1975,HU,HIST,"ELOISE, 1975-09-13",7537,25
2848025,1975,HU,HIST,"FAYE, 1975-09-18",,25
2848026,1975,HU,HIST,"GLADYS, 1975-09-22",,25
2848027,1975,HU,HIST,"HALLIE, 1975-10-24",,25
2848028,1975,HU,HIST,"SUBTROP2, 1975-12-09",,25
2848029,1976,HU,HIST,"SUBTROP1, 1976-05-21",,25
2848030,1976,HU,HIST,"ANNA, 1976-07-28",,25
2848031,1976,HU,HIST,"BELLE, 1976-08-06",7668,25
2848032,1976,HU,HIST,"CANDICE, 1976-08-18",,25
2848033,1976,HU,HIST,"DOTTIE, 1976-08-18",,25
2848034,1976,HU,HIST,"EMMY, 1976-08-20",,25
2848035,1976,HU,HIST,"FRANCES, 1976-08-27",,25
2848036,1976,HU,HIST,"SUBTROP3, 1976-09-13",,25
2848037,1976,HU,HIST,"GLORIA, 1976-09-26",,25
2848038,1976,HU,HIST,"HOLLY, 1976-10-22",,25
2848039,1977,HU,HIST,"ANITA, 1977-08-29",,25
2848040,1977,HU,HIST,"BABE, 1977-09-03",7718,25
2848041,1977,HU,HIST,"CLARA, 1977-09-05",,25
2848042,1977,HU,HIST,"DOROTHY, 1977-09-26",,25
2848043,1977,HU,HIST,"EVELYN, 1977-10-13",,25
2848044,1977,HU,HIST,"FRIEDA, 1977-10-16",,25
2848045,1978,HU,HIST,"SUBTROP1, 1978-01-18",,25
2848046,1978,HU,HIST,"AMELIA, 1978-07-30",,25
2848047,1978,HU,HIST,"BESS, 1978-08-05",,25
2848048,1978,HU,HIST,"CORA, 1978-08-07",,25
2848049,1978,HU,HIST,"DEBRA, 1978-08-26",,25
2848050,1978,HU,HIST,"ELLA, 1978-08-30",,25
2848051,1978,HU,HIST,"FLOSSIE, 1978-09-04",,25
2848052,1978,HU,HIST,"GRETA, 1978-09-13",,25
2848053,1978,HU,HIST,"HOPE, 1978-09-12",,25
2848054,1978,HU,HIST,"IRMA, 1978-10-02",,25
2848055,1978,HU,HIST,"JULIET, 1978-10-07",,25
2848056,1978,HU,HIST,"KENDRA, 1978-10-28",,25
2848057,1979,HU,HIST,"ANA, 1979-06-19",,25
2848058,1979,HU,HIST,"BOB, 1979-07-09",,25
2848059,1979,HU,HIST,"CLAUDETTE, 1979-07-15",,25
2848060,1979,HU,HIST,"DAVID, 1979-08-25",7926,25
2848061,1979,HU,HIST,"ELENA, 1979-08-30",,25
2848062,1979,HU,HIST,"FREDERIC, 1979-08-29",7927,25
2848063,1979,HU,HIST,"GLORIA, 1979-09-04",,25
2848064,1979,HU,HIST,"HENRI, 1979-09-15",,25
2848065,1979,HU,HIST,"SUBTROP1, 1979-10-23",,25
2848066,1980,HU,HIST,"ALLEN, 1980-07-31",8084,25
2848067,1980,HU,HIST,"BONNIE, 1980-08-14",,25
2848068,1980,HU,HIST,"CHARLEY, 1980-08-20",,25
2848069,1980,HU,HIST,"DANIELLE, 1980-09-04",,25
2848070,1980,HU,HIST,"EARL, 1980-09-04",,25
2848071,1980,HU,HIST,"FRANCES, 1980-09-06",,25
2848072,1980,HU,HIST,"GEORGES, 1980-09-01",,25
2848073,1980,HU,HIST,"HERMINE, 1980-09-20",,25
2848074,1980,HU,HIST,"IVAN, 1980-10-01",,25
2848075,1980,HU,HIST,"JEANNE, 1980-11-07",,25
2848076,1980,HU,HIST,"KARL, 1980-11-25",,25
2848077,1981,HU,HIST,"ARLENE, 1981-05-06",,25
2848078,1981,HU,HIST,"BRET, 1981-06-29",,25
2848079,1981,HU,HIST,"CINDY, 1981-08-02",,25
2848080,1981,HU,HIST,"DENNIS, 1981-08-07",,25
2848081,1981,HU,HIST,"EMILY, 1981-08-31",,25
2848082,1981,HU,HIST,"FLOYD, 1981-09-03",,25
2848083,1981,HU,HIST,"GERT, 1981-09-07",,25
2848084,1981,HU,HIST,"HARVEY, 1981-09-11",,25
2848085,1981,HU,HIST,"IRENE, 1981-09-21",,25
2848086,1981,HU,HIST,"JOSE, 1981-10-29",,25
2848087,1981,HU,HIST,"KATRINA, 1981-11-03",,25
2848088,1981,HU,HIST,"SUBTROP3, 1981-11-12",,25
2848089,1982,HU,HIST,"ALBERTO, 1982-06-02",,25
2848090,1982,HU,HIST,"SUBTROP1, 1982-06-18",,25
2848091,1982,HU,HIST,"BERYL, 1982-08-28",,25
2848092,1982,HU,HIST,"CHRIS, 1982-09-09",,25
2848093,1982,HU,HIST,"DEBBY, 1982-09-13",,25
2848094,1982,HU,HIST,"ERNESTO, 1982-09-30",,25
2848095,1983,HU,HIST,"ALICIA, 1983-08-15",8315,25
2847814,1953,HU,HIST,"NOTNAMED, 1953-11-23",,25
2847815,1953,HU,HIST,"NOTNAMED, 1953-12-07",,25
2847816,1954,HU,HIST,"ALICE, 1954-06-24",,25
2847817,1954,HU,HIST,"BARBARA, 1954-07-27",,25
2847818,1954,HU,HIST,"CAROL, 1954-08-25",5453,25
2847819,1954,HU,HIST,"DOLLY, 1954-08-31",,25
2847820,1954,HU,HIST,"EDNA, 1954-09-02",5454,25
2847821,1954,HU,HIST,"FLORENCE, 1954-09-11",,25
2847822,1954,HU,HIST,"GILDA, 1954-09-24",,25
2847823,1954,HU,HIST,"NOTNAMED, 1954-09-25",,25
2847824,1954,HU,HIST,"HAZEL, 1954-10-05",5456,25
2847825,1954,HU,HIST,"NOTNAMED, 1954-11-16",,25
2847826,1954,HU,HIST,"ALICE, 1954-12-30",,25
2847827,1955,HU,HIST,"BRENDA, 1955-07-31",,25
2847828,1955,HU,HIST,"CONNIE, 1955-08-03",5562,25
2847829,1955,HU,HIST,"DIANE, 1955-08-07",,25
2847830,1955,HU,HIST,"EDITH, 1955-08-21",,25
2847831,1955,HU,HIST,"NOTNAMED, 1955-08-23",,25
2847920,1965,HU,HIST,"NOTNAMED, 1965-06-11",,25
2847921,1965,HU,HIST,"ANNA, 1965-08-21",,25
2847922,1965,HU,HIST,"BETSY, 1965-08-27",6590,25
2847923,1965,HU,HIST,"CAROL, 1965-09-16",,25
2847924,1965,HU,HIST,"DEBBIE, 1965-09-24",,25
2847925,1965,HU,HIST,"ELENA, 1965-10-12",,25
2847926,1966,HU,HIST,"ALMA, 1966-06-05",6613,25
2847927,1966,HU,HIST,"BECKY, 1966-07-01",,25
2847928,1966,HU,HIST,"CELIA, 1966-07-13",,25
2847929,1966,HU,HIST,"DOROTHY, 1966-07-22",,25
2847930,1966,HU,HIST,"ELLA, 1966-07-22",,25
2847931,1966,HU,HIST,"FAITH, 1966-08-21",,25
2847932,1966,HU,HIST,"GRETA, 1966-09-01",,25
2847933,1966,HU,HIST,"HALLIE, 1966-09-20",,25
2847934,1966,HU,HIST,"INEZ, 1966-09-21",,25
2847935,1966,HU,HIST,"JUDITH, 1966-09-27",,25
2847936,1966,HU,HIST,"LOIS, 1966-11-04",,25
2847937,1967,HU,HIST,"ARLENE, 1967-08-28",,25
2847938,1967,HU,HIST,"BEULAH, 1967-09-05",6752,25
2847939,1967,HU,HIST,"CHLOE, 1967-09-05",,25
2847940,1967,HU,HIST,"DORIA, 1967-09-08",,25
2847941,1967,HU,HIST,"EDITH, 1967-09-26",,25
2847942,1967,HU,HIST,"FERN, 1967-10-01",,25
2847943,1967,HU,HIST,"GINGER, 1967-10-05",,25
2847944,1967,HU,HIST,"HEIDI, 1967-10-19",,25
2847945,1968,HU,HIST,"ABBY, 1968-06-01",,25
2847946,1968,HU,HIST,"BRENDA, 1968-06-17",,25
2847947,1968,HU,HIST,"CANDY, 1968-06-22",,25
2847948,1968,HU,HIST,"DOLLY, 1968-08-10",,25
2847949,1968,HU,HIST,"EDNA, 1968-09-11",,25
2847950,1968,HU,HIST,"SUBTROP1, 1968-09-14",,25
2847951,1968,HU,HIST,"FRANCES, 1968-09-23",,25
2847952,1968,HU,HIST,"GLADYS, 1968-10-13",6881,25
2847953,1969,HU,HIST,"ANNA, 1969-07-25",,25
2847954,1969,HU,HIST,"BLANCHE, 1969-08-11",,25
2847955,1969,HU,HIST,"CAMILLE, 1969-08-14",6916,25
2847956,1969,HU,HIST,"DEBBIE, 1969-08-14",,25
2847957,1969,HU,HIST,"EVE, 1969-08-25",,25
2847958,1969,HU,HIST,"FRANCELIA, 1969-08-29",,25
2847959,1969,HU,HIST,"GERDA, 1969-09-06",,25
2847960,1969,HU,HIST,"HOLLY, 1969-09-14",,25
2847961,1969,HU,HIST,"INGA, 1969-09-20",,25
2847962,1969,HU,HIST,"NOTNAMED, 1969-09-21",,25
2847963,1969,HU,HIST,"NOTNAMED, 1969-09-24",,25
2847964,1969,HU,HIST,"SUBTROP1, 1969-09-29",,25
2847965,1969,HU,HIST,"JENNY, 1969-10-01",,25
2847966,1969,HU,HIST,"KARA, 1969-10-07",,25
2847967,1969,HU,HIST,"LAURIE, 1969-10-17",,25
2847968,1969,HU,HIST,"NOTNAMED, 1969-10-28",,25
2847969,1969,HU,HIST,"NOTNAMED, 1969-10-30",,25
2847970,1969,HU,HIST,"MARTHA, 1969-11-21",,25
2847971,1970,HU,HIST,"ALMA, 1970-05-17",,25
2847972,1970,HU,HIST,"BECKY, 1970-07-19",,25
2847973,1970,HU,HIST,"CELIA, 1970-07-31",,25
2847974,1970,HU,HIST,"NOTNAMED, 1970-08-15",,25
2847975,1970,HU,HIST,"DOROTHY, 1970-08-17",,25
2847976,1970,HU,HIST,"ELLA, 1970-09-08",,25
2847977,1970,HU,HIST,"FELICE, 1970-09-12",,25
2847978,1970,HU,HIST,"GRETA, 1970-09-26",,25
2847979,1970,HU,HIST,"NOTNAMED, 1970-10-12",,25
2847980,1970,HU,HIST,"NOTNAMED, 1970-10-20",,25
2847981,1971,HU,HIST,"ARLENE, 1971-07-04",,25
2847982,1971,HU,HIST,"NOTNAMED, 1971-08-03",,25
2847983,1971,HU,HIST,"BETH, 1971-08-10",,25
2847984,1971,HU,HIST,"CHLOE, 1971-08-18",,25
2847985,1971,HU,HIST,"DORIA, 1971-08-20",7169,25
2847986,1971,HU,HIST,"EDITH, 1971-09-05",7173,25
2847987,1971,HU,HIST,"FERN, 1971-09-03",7172,25
2847988,1971,HU,HIST,"GINGER, 1971-09-06",7174,25
2847989,1971,HU,HIST,"HEIDI, 1971-09-11",,25
2847990,1971,HU,HIST,"IRENE, 1971-09-11",,25
2847991,1971,HU,HIST,"JANICE, 1971-09-21",,25
2847992,1971,HU,HIST,"KRISTY, 1971-10-18",,25
2847993,1971,HU,HIST,"LAURA, 1971-11-12",,25
2847994,1972,HU,HIST,"ALPHA, 1972-05-23",,25
2847995,1972,HU,HIST,"AGNES, 1972-06-14",7297,25
2847996,1972,HU,HIST,"BETTY, 1972-08-22",,25
2847997,1972,HU,HIST,"CARRIE, 1972-08-29",,25
2847998,1972,HU,HIST,"DAWN, 1972-09-05",,25
2847999,1972,HU,HIST,"CHARLIE, 1972-09-19",,25
2848000,1972,HU,HIST,"DELTA, 1972-11-01",,25
2848001,1973,HU,HIST,"ALICE, 1973-07-01",,25
2847721,1944,HU,HIST,"NOTNAMED, 1944-09-21",,25
2847722,1944,HU,HIST,"NOTNAMED, 1944-10-01",,25
2847723,1944,HU,HIST,"NOTNAMED, 1944-10-12",,25
2847724,1945,HU,HIST,"NOTNAMED, 1945-06-20",,25
2847725,1945,HU,HIST,"NOTNAMED, 1945-07-19",,25
2847726,1945,HU,HIST,"NOTNAMED, 1945-08-01",,25
2847727,1945,HU,HIST,"NOTNAMED, 1945-08-17",,25
2847728,1945,HU,HIST,"NOTNAMED, 1945-08-24",,25
2847729,1945,HU,HIST,"NOTNAMED, 1945-08-29",,25
2847730,1945,HU,HIST,"NOTNAMED, 1945-09-03",,25
2847731,1945,HU,HIST,"NOTNAMED, 1945-09-10",,25
2847732,1945,HU,HIST,"NOTNAMED, 1945-09-12",,25
2847733,1945,HU,HIST,"NOTNAMED, 1945-10-02",,25
2847734,1945,HU,HIST,"NOTNAMED, 1945-10-10",,25
2847735,1946,HU,HIST,"NOTNAMED, 1946-06-13",,25
2847736,1946,HU,HIST,"NOTNAMED, 1946-07-05",,25
2847737,1946,HU,HIST,"NOTNAMED, 1946-08-25",,25
2847738,1946,HU,HIST,"NOTNAMED, 1946-09-12",,25
2847739,1946,HU,HIST,"NOTNAMED, 1946-10-05",,25
2847740,1946,HU,HIST,"NOTNAMED, 1946-10-31",,25
2847741,1947,HU,HIST,"NOTNAMED, 1947-07-31",,25
2847742,1947,HU,HIST,"NOTNAMED, 1947-08-09",,25
2847743,1947,HU,HIST,"NOTNAMED, 1947-08-18",,25
2847744,1947,HU,HIST,"NOTNAMED, 1947-09-04",,25
2847832,1955,HU,HIST,"FLORA, 1955-09-02",,25
2847833,1955,HU,HIST,"GLADYS, 1955-09-04",,25
2847834,1955,HU,HIST,"HILDA, 1955-09-10",,25
2847835,1955,HU,HIST,"IONE, 1955-09-10",5564,25
2847836,1955,HU,HIST,"JANET, 1955-09-21",,25
2847837,1955,HU,HIST,"NOTNAMED, 1955-10-10",,25
2847838,1955,HU,HIST,"KATIE, 1955-10-14",,25
2847839,1956,HU,HIST,"NOTNAMED, 1956-06-12",,25
2847840,1956,HU,HIST,"ANNA, 1956-07-25",,25
2847841,1956,HU,HIST,"BETSY, 1956-08-09",5676,25
2847842,1956,HU,HIST,"CARLA, 1956-09-05",,25
2847843,1956,HU,HIST,"DORA, 1956-09-10",,25
2847844,1956,HU,HIST,"ETHEL, 1956-09-11",,25
2847845,1956,HU,HIST,"FLOSSY, 1956-09-21",5678,25
2847846,1956,HU,HIST,"GRETA, 1956-10-30",,25
2847847,1957,HU,HIST,"NOTNAMED, 1957-06-08",,25
2847848,1957,HU,HIST,"AUDREY, 1957-06-25",5786,25
2847849,1957,HU,HIST,"BERTHA, 1957-08-08",,25
2847850,1957,HU,HIST,"CARRIE, 1957-09-02",,25
2847851,1957,HU,HIST,"DEBBIE, 1957-09-07",,25
2847852,1957,HU,HIST,"ESTHER, 1957-09-16",,25
2847853,1957,HU,HIST,"FRIEDA, 1957-09-20",,25
2847854,1957,HU,HIST,"NOTNAMED, 1957-10-23",,25
2847855,1958,HU,HIST,"ALMA, 1958-06-14",,25
2847856,1958,HU,HIST,"BECKY, 1958-08-08",,25
2847857,1958,HU,HIST,"CLEO, 1958-08-11",,25
2847858,1958,HU,HIST,"DAISY, 1958-08-24",,25
2847859,1958,HU,HIST,"ELLA, 1958-08-30",,25
2847860,1958,HU,HIST,"FIFI, 1958-09-04",,25
2847861,1958,HU,HIST,"GERDA, 1958-09-13",,25
2847862,1958,HU,HIST,"HELENE, 1958-09-21",5897,25
2847863,1958,HU,HIST,"ILSA, 1958-09-24",,25
2847864,1958,HU,HIST,"JANICE, 1958-10-05",,25
2847865,1959,HU,HIST,"ARLENE, 1959-05-28",,25
2847866,1959,HU,HIST,"BEULAH, 1959-06-15",,25
2847867,1959,HU,HIST,"NOTNAMED, 1959-06-18",,25
2847868,1959,HU,HIST,"CINDY, 1959-07-05",,25
2847869,1959,HU,HIST,"DEBRA, 1959-07-23",5901,25
2847870,1959,HU,HIST,"EDITH, 1959-08-17",,25
2847871,1959,HU,HIST,"FLORA, 1959-09-09",,25
2847872,1959,HU,HIST,"GRACIE, 1959-09-20",5903,25
2847873,1959,HU,HIST,"HANNAH, 1959-09-27",,25
2847874,1959,HU,HIST,"IRENE, 1959-10-06",,25
2847875,1959,HU,HIST,"JUDITH, 1959-10-17",,25
2847876,1960,HU,HIST,"NOTNAMED, 1960-06-22",,25
2847877,1960,HU,HIST,"ABBY, 1960-07-10",,25
2847878,1960,HU,HIST,"BRENDA, 1960-07-28",,25
2847879,1960,HU,HIST,"CLEO, 1960-08-17",,25
2847880,1960,HU,HIST,"DONNA, 1960-08-29",6014,25
2847881,1960,HU,HIST,"ETHEL, 1960-09-14",,25
2847882,1960,HU,HIST,"FLORENCE, 1960-09-17",,25
2847883,1961,HU,HIST,"ANNA, 1961-07-20",,25
2847884,1961,HU,HIST,"BETSY, 1961-09-02",,25
2847885,1961,HU,HIST,"CARLA, 1961-09-03",6127,25
2847886,1961,HU,HIST,"DEBBIE, 1961-09-06",,25
2847887,1961,HU,HIST,"ESTHER, 1961-09-10",6128,25
2847888,1961,HU,HIST,"NOTNAMED, 1961-09-12",,25
2847889,1961,HU,HIST,"FRANCES, 1961-09-30",,25
2847890,1961,HU,HIST,"GERDA, 1961-10-16",,25
2847891,1961,HU,HIST,"HATTIE, 1961-10-27",,25
2847892,1961,HU,HIST,"JENNY, 1961-11-01",,25
2847893,1961,HU,HIST,"INGA, 1961-11-05",,25
2847894,1962,HU,HIST,"ALMA, 1962-08-26",,25
2847895,1962,HU,HIST,"BECKY, 1962-08-27",,25
2847896,1962,HU,HIST,"CELIA, 1962-09-12",,25
2847897,1962,HU,HIST,"DAISY, 1962-09-29",,25
2847898,1962,HU,HIST,"ELLA, 1962-10-14",,25
2847899,1963,HU,HIST,"ARLENE, 1963-07-31",,25
2847900,1963,HU,HIST,"BEULAH, 1963-08-20",,25
2847901,1963,HU,HIST,"NOTNAMED, 1963-09-10",,25
2847902,1963,HU,HIST,"CINDY, 1963-09-16",,25
2847903,1963,HU,HIST,"DEBRA, 1963-09-19",,25
2847904,1963,HU,HIST,"EDITH, 1963-09-23",,25
2847905,1963,HU,HIST,"FLORA, 1963-09-26",,25
2847906,1963,HU,HIST,"GINNY, 1963-10-16",,25
2847907,1963,HU,HIST,"HELENA, 1963-10-25",,25
2847631,1934,HU,HIST,"NOTNAMED, 1934-10-01",,25
2847632,1934,HU,HIST,"NOTNAMED, 1934-10-01",,25
2847633,1934,HU,HIST,"NOTNAMED, 1934-10-19",,25
2847634,1934,HU,HIST,"NOTNAMED, 1934-11-20",,25
2847635,1935,HU,HIST,"NOTNAMED, 1935-08-18",,25
2847636,1935,HU,HIST,"NOTNAMED, 1935-08-29",,25
2847637,1935,HU,HIST,"NOTNAMED, 1935-08-30",,25
2847638,1935,HU,HIST,"NOTNAMED, 1935-09-23",,25
2847639,1935,HU,HIST,"NOTNAMED, 1935-10-19",,25
2847640,1935,HU,HIST,"NOTNAMED, 1935-10-30",,25
2847641,1936,HU,HIST,"NOTNAMED, 1936-06-12",,25
2847642,1936,HU,HIST,"NOTNAMED, 1936-06-19",,25
2847643,1936,HU,HIST,"NOTNAMED, 1936-06-26",,25
2847644,1936,HU,HIST,"NOTNAMED, 1936-07-26",,25
2847645,1936,HU,HIST,"NOTNAMED, 1936-07-27",,25
2847646,1936,HU,HIST,"NOTNAMED, 1936-08-04",,25
2847647,1936,HU,HIST,"NOTNAMED, 1936-08-07",,25
2847648,1936,HU,HIST,"NOTNAMED, 1936-08-15",,25
2847649,1936,HU,HIST,"NOTNAMED, 1936-08-20",,25
2847650,1936,HU,HIST,"NOTNAMED, 1936-08-28",,25
2847651,1936,HU,HIST,"NOTNAMED, 1936-08-28",,25
2847652,1936,HU,HIST,"NOTNAMED, 1936-09-07",,25
2847653,1936,HU,HIST,"NOTNAMED, 1936-09-08",,25
2847654,1936,HU,HIST,"NOTNAMED, 1936-09-10",,25
2847655,1936,HU,HIST,"NOTNAMED, 1936-09-19",,25
2847656,1936,HU,HIST,"NOTNAMED, 1936-10-09",,25
2847657,1937,HU,HIST,"NOTNAMED, 1937-07-29",,25
2847658,1937,HU,HIST,"NOTNAMED, 1937-08-02",,25
2847659,1937,HU,HIST,"NOTNAMED, 1937-08-24",,25
2847660,1937,HU,HIST,"NOTNAMED, 1937-09-09",,25
2847661,1937,HU,HIST,"NOTNAMED, 1937-09-13",,25
2847745,1947,HU,HIST,"NOTNAMED, 1947-09-07",,25
2847746,1947,HU,HIST,"NOTNAMED, 1947-09-20",,25
2847747,1947,HU,HIST,"NOTNAMED, 1947-10-06",,25
2847748,1947,HU,HIST,"NOTNAMED, 1947-10-09",,25
2847749,1947,HU,HIST,"NOTNAMED, 1947-10-16",,25
2847750,1948,HU,HIST,"NOTNAMED, 1948-05-22",,25
2847751,1948,HU,HIST,"NOTNAMED, 1948-07-07",,25
2847752,1948,HU,HIST,"NOTNAMED, 1948-08-26",,25
2847753,1948,HU,HIST,"NOTNAMED, 1948-08-31",,25
2847754,1948,HU,HIST,"NOTNAMED, 1948-09-01",,25
2847755,1948,HU,HIST,"NOTNAMED, 1948-09-04",,25
2847756,1948,HU,HIST,"NOTNAMED, 1948-09-18",,25
2847757,1948,HU,HIST,"NOTNAMED, 1948-10-03",,25
2847758,1948,HU,HIST,"NOTNAMED, 1948-11-08",,25
2847759,1949,HU,HIST,"NOTNAMED, 1949-08-21",,25
2847760,1949,HU,HIST,"NOTNAMED, 1949-08-23",,25
2847761,1949,HU,HIST,"NOTNAMED, 1949-08-30",,25
2847762,1949,HU,HIST,"NOTNAMED, 1949-09-03",,25
2847763,1949,HU,HIST,"NOTNAMED, 1949-09-03",,25
2847764,1949,HU,HIST,"NOTNAMED, 1949-09-05",,25
2847765,1949,HU,HIST,"NOTNAMED, 1949-09-13",,25
2847766,1949,HU,HIST,"NOTNAMED, 1949-09-20",,25
2847767,1949,HU,HIST,"NOTNAMED, 1949-09-21",,25
2847768,1949,HU,HIST,"NOTNAMED, 1949-09-27",,25
2847769,1949,HU,HIST,"NOTNAMED, 1949-10-12",,25
2847770,1949,HU,HIST,"NOTNAMED, 1949-10-13",,25
2847771,1949,HU,HIST,"NOTNAMED, 1949-11-03",,25
2847772,1950,HU,HIST,"ABLE, 1950-08-12",,25
2847773,1950,HU,HIST,"BAKER, 1950-08-20",,25
2847774,1950,HU,HIST,"CHARLIE, 1950-08-21",,25
2847775,1950,HU,HIST,"DOG, 1950-08-30",,25
2847776,1950,HU,HIST,"EASY, 1950-09-01",,25
2847777,1950,HU,HIST,"FOX, 1950-09-08",,25
2847778,1950,HU,HIST,"GEORGE, 1950-09-27",,25
2847779,1950,HU,HIST,"HOW, 1950-10-01",,25
2847780,1950,HU,HIST,"ITEM, 1950-10-08",,25
2847781,1950,HU,HIST,"JIG, 1950-10-11",,25
2847782,1950,HU,HIST,"KING, 1950-10-13",,25
2847783,1950,HU,HIST,"NOTNAMED, 1950-10-17",,25
2847784,1950,HU,HIST,"LOVE, 1950-10-18",,25
2847785,1951,HU,HIST,"ABLE, 1951-05-15",,25
2847786,1951,HU,HIST,"BAKER, 1951-08-02",,25
2847787,1951,HU,HIST,"CHARLIE, 1951-08-12",,25
2847788,1951,HU,HIST,"DOG, 1951-08-27",,25
2847789,1951,HU,HIST,"EASY, 1951-09-02",,25
2847790,1951,HU,HIST,"FOX, 1951-09-02",,25
2847791,1951,HU,HIST,"GEORGE, 1951-09-20",,25
2847792,1951,HU,HIST,"HOW, 1951-09-28",,25
2847793,1951,HU,HIST,"ITEM, 1951-10-12",,25
2847794,1951,HU,HIST,"JIG, 1951-10-15",,25
2847795,1952,HU,HIST,"NOTNAMED, 1952-02-02",,25
2847796,1952,HU,HIST,"ABLE, 1952-08-18",,25
2847797,1952,HU,HIST,"BAKER, 1952-08-31",,25
2847798,1952,HU,HIST,"CHARLIE, 1952-09-22",,25
2847799,1952,HU,HIST,"DOG, 1952-09-25",,25
2847800,1952,HU,HIST,"EASY, 1952-10-06",,25
2847801,1952,HU,HIST,"FOX, 1952-10-20",,25
2847802,1953,HU,HIST,"ALICE, 1953-05-25",,25
2847803,1953,HU,HIST,"BARBARA, 1953-08-11",,25
2847804,1953,HU,HIST,"NOTNAMED, 1953-08-28",,25
2847805,1953,HU,HIST,"CAROL, 1953-08-28",,25
2847806,1953,HU,HIST,"DOLLY, 1953-09-08",,25
2847807,1953,HU,HIST,"EDNA, 1953-09-14",,25
2847808,1953,HU,HIST,"NOTNAMED, 1953-09-14",,25
2847809,1953,HU,HIST,"FLORENCE, 1953-09-23",,25
2847810,1953,HU,HIST,"GAIL, 1953-10-02",,25
2847811,1953,HU,HIST,"NOTNAMED, 1953-10-03",,25
2847812,1953,HU,HIST,"NOTNAMED, 1953-10-05",,25
2847813,1953,HU,HIST,"HAZEL, 1953-10-07",,25
2847541,1924,HU,HIST,"NOTNAMED, 1924-08-16",,25
2847542,1924,HU,HIST,"NOTNAMED, 1924-08-26",,25
2847543,1924,HU,HIST,"NOTNAMED, 1924-09-13",,25
2847544,1924,HU,HIST,"NOTNAMED, 1924-09-20",,25
2847545,1924,HU,HIST,"NOTNAMED, 1924-09-24",,25
2847546,1924,HU,HIST,"NOTNAMED, 1924-09-27",,25
2847547,1924,HU,HIST,"NOTNAMED, 1924-10-11",,25
2847548,1924,HU,HIST,"NOTNAMED, 1924-10-14",,25
2847549,1924,HU,HIST,"NOTNAMED, 1924-11-05",,25
2847550,1925,HU,HIST,"NOTNAMED, 1925-08-18",,25
2847551,1925,HU,HIST,"NOTNAMED, 1925-08-25",,25
2847552,1925,HU,HIST,"NOTNAMED, 1925-09-06",,25
2847553,1925,HU,HIST,"NOTNAMED, 1925-11-27",,25
2847554,1926,HU,HIST,"NOTNAMED, 1926-07-22",,25
2847555,1926,HU,HIST,"NOTNAMED, 1926-07-31",,25
2847556,1926,HU,HIST,"NOTNAMED, 1926-08-22",,25
2847557,1926,HU,HIST,"NOTNAMED, 1926-09-02",,25
2847558,1926,HU,HIST,"NOTNAMED, 1926-09-10",,25
2847559,1926,HU,HIST,"NOTNAMED, 1926-09-11",,25
2847560,1926,HU,HIST,"NOTNAMED, 1926-09-11",,25
2847561,1926,HU,HIST,"NOTNAMED, 1926-09-21",,25
2847562,1926,HU,HIST,"NOTNAMED, 1926-10-03",,25
2847563,1926,HU,HIST,"NOTNAMED, 1926-10-14",,25
2847564,1926,HU,HIST,"NOTNAMED, 1926-11-12",,25
2847565,1927,HU,HIST,"NOTNAMED, 1927-08-19",,25
2847566,1927,HU,HIST,"NOTNAMED, 1927-09-01",,25
2847567,1927,HU,HIST,"NOTNAMED, 1927-09-22",,25
2847568,1927,HU,HIST,"NOTNAMED, 1927-09-23",,25
2847569,1927,HU,HIST,"NOTNAMED, 1927-10-01",,25
2847570,1927,HU,HIST,"NOTNAMED, 1927-10-17",,25
2847571,1927,HU,HIST,"NOTNAMED, 1927-10-30",,25
2847572,1928,HU,HIST,"NOTNAMED, 1928-08-03",,25
2847573,1928,HU,HIST,"NOTNAMED, 1928-08-07",,25
2847574,1928,HU,HIST,"NOTNAMED, 1928-09-01",,25
2847575,1928,HU,HIST,"NOTNAMED, 1928-09-06",,25
2847576,1928,HU,HIST,"NOTNAMED, 1928-09-08",,25
2847577,1928,HU,HIST,"NOTNAMED, 1928-10-10",,25
2847578,1929,HU,HIST,"NOTNAMED, 1929-06-27",,25
2847579,1929,HU,HIST,"NOTNAMED, 1929-09-22",,25
2847580,1929,HU,HIST,"NOTNAMED, 1929-10-15",,25
2847581,1930,HU,HIST,"NOTNAMED, 1930-08-21",,25
2847662,1937,HU,HIST,"NOTNAMED, 1937-09-16",,25
2847663,1937,HU,HIST,"NOTNAMED, 1937-09-20",,25
2847664,1937,HU,HIST,"NOTNAMED, 1937-09-26",,25
2847665,1937,HU,HIST,"NOTNAMED, 1937-09-29",,25
2847666,1938,HU,HIST,"NOTNAMED, 1938-08-08",,25
2847667,1938,HU,HIST,"NOTNAMED, 1938-08-10",,25
2847668,1938,HU,HIST,"NOTNAMED, 1938-08-23",,25
2847669,1938,HU,HIST,"NOTNAMED, 1938-09-10",,25
2847670,1938,HU,HIST,"NOTNAMED, 1938-10-11",,25
2847671,1938,HU,HIST,"NOTNAMED, 1938-10-17",,25
2847672,1938,HU,HIST,"NOTNAMED, 1938-10-23",,25
2847673,1938,HU,HIST,"NOTNAMED, 1938-11-06",,25
2847674,1939,HU,HIST,"NOTNAMED, 1939-06-12",,25
2847675,1939,HU,HIST,"NOTNAMED, 1939-08-07",,25
2847676,1939,HU,HIST,"NOTNAMED, 1939-09-23",,25
2847677,1939,HU,HIST,"NOTNAMED, 1939-10-12",,25
2847678,1939,HU,HIST,"NOTNAMED, 1939-10-29",,25
2847679,1940,HU,HIST,"NOTNAMED, 1940-05-19",,25
2847680,1940,HU,HIST,"NOTNAMED, 1940-08-02",,25
2847681,1940,HU,HIST,"NOTNAMED, 1940-08-05",,25
2847682,1940,HU,HIST,"NOTNAMED, 1940-08-30",,25
2847683,1940,HU,HIST,"NOTNAMED, 1940-09-10",,25
2847684,1940,HU,HIST,"NOTNAMED, 1940-09-19",,25
2847685,1940,HU,HIST,"NOTNAMED, 1940-10-20",,25
2847686,1940,HU,HIST,"NOTNAMED, 1940-10-24",,25
2847687,1941,HU,HIST,"NOTNAMED, 1941-09-11",,25
2847688,1941,HU,HIST,"NOTNAMED, 1941-09-16",,25
2847689,1941,HU,HIST,"NOTNAMED, 1941-09-18",,25
2847690,1941,HU,HIST,"NOTNAMED, 1941-09-23",,25
2847691,1941,HU,HIST,"NOTNAMED, 1941-10-03",,25
2847692,1941,HU,HIST,"NOTNAMED, 1941-10-15",,25
2847693,1942,HU,HIST,"NOTNAMED, 1942-08-17",,25
2847694,1942,HU,HIST,"NOTNAMED, 1942-08-21",,25
2847695,1942,HU,HIST,"NOTNAMED, 1942-08-25",,25
2847696,1942,HU,HIST,"NOTNAMED, 1942-09-15",,25
2847697,1942,HU,HIST,"NOTNAMED, 1942-09-18",,25
2847698,1942,HU,HIST,"NOTNAMED, 1942-09-27",,25
2847699,1942,HU,HIST,"NOTNAMED, 1942-10-01",,25
2847700,1942,HU,HIST,"NOTNAMED, 1942-10-10",,25
2847701,1942,HU,HIST,"NOTNAMED, 1942-10-13",,25
2847702,1942,HU,HIST,"NOTNAMED, 1942-11-05",,25
2847703,1943,HU,HIST,"NOTNAMED, 1943-07-25",,25
2847704,1943,HU,HIST,"NOTNAMED, 1943-08-13",,25
2847705,1943,HU,HIST,"NOTNAMED, 1943-08-19",,25
2847706,1943,HU,HIST,"NOTNAMED, 1943-09-01",,25
2847707,1943,HU,HIST,"NOTNAMED, 1943-09-13",,25
2847708,1943,HU,HIST,"NOTNAMED, 1943-09-15",,25
2847709,1943,HU,HIST,"NOTNAMED, 1943-09-28",,25
2847710,1943,HU,HIST,"NOTNAMED, 1943-10-01",,25
2847711,1943,HU,HIST,"NOTNAMED, 1943-10-11",,25
2847712,1943,HU,HIST,"NOTNAMED, 1943-10-20",,25
2847713,1944,HU,HIST,"NOTNAMED, 1944-07-13",,25
2847714,1944,HU,HIST,"NOTNAMED, 1944-07-24",,25
2847715,1944,HU,HIST,"NOTNAMED, 1944-07-30",,25
2847716,1944,HU,HIST,"NOTNAMED, 1944-08-16",,25
2847717,1944,HU,HIST,"NOTNAMED, 1944-08-19",,25
2847718,1944,HU,HIST,"NOTNAMED, 1944-09-09",,25
2847719,1944,HU,HIST,"NOTNAMED, 1944-09-09",,25
2847720,1944,HU,HIST,"NOTNAMED, 1944-09-19",,25
2847451,1909,HU,HIST,"NOTNAMED, 1909-11-08",,25
2847452,1910,HU,HIST,"NOTNAMED, 1910-08-23",,25
2847453,1910,HU,HIST,"NOTNAMED, 1910-08-26",,25
2847454,1910,HU,HIST,"NOTNAMED, 1910-09-05",,25
2847455,1910,HU,HIST,"NOTNAMED, 1910-09-24",,25
2847456,1910,HU,HIST,"NOTNAMED, 1910-10-09",,25
2847457,1911,HU,HIST,"NOTNAMED, 1911-08-04",,25
2847458,1911,HU,HIST,"NOTNAMED, 1911-08-08",,25
2847459,1911,HU,HIST,"NOTNAMED, 1911-08-23",,25
2847460,1911,HU,HIST,"NOTNAMED, 1911-09-03",,25
2847461,1911,HU,HIST,"NOTNAMED, 1911-09-15",,25
2847462,1911,HU,HIST,"NOTNAMED, 1911-10-26",,25
2847463,1912,HU,HIST,"NOTNAMED, 1912-06-07",,25
2847464,1912,HU,HIST,"NOTNAMED, 1912-07-12",,25
2847465,1912,HU,HIST,"NOTNAMED, 1912-09-02",,25
2847466,1912,HU,HIST,"NOTNAMED, 1912-09-10",,25
2847467,1912,HU,HIST,"NOTNAMED, 1912-10-03",,25
2847468,1912,HU,HIST,"NOTNAMED, 1912-10-11",,25
2847469,1912,HU,HIST,"NOTNAMED, 1912-11-11",,25
2847470,1913,HU,HIST,"NOTNAMED, 1913-06-21",,25
2847471,1913,HU,HIST,"NOTNAMED, 1913-08-14",,25
2847472,1913,HU,HIST,"NOTNAMED, 1913-08-26",,25
2847473,1913,HU,HIST,"NOTNAMED, 1913-08-30",,25
2847474,1913,HU,HIST,"NOTNAMED, 1913-10-02",,25
2847475,1913,HU,HIST,"NOTNAMED, 1913-10-28",,25
2847476,1914,HU,HIST,"NOTNAMED, 1914-09-15",,25
2847477,1915,HU,HIST,"NOTNAMED, 1915-07-31",,25
2847478,1915,HU,HIST,"NOTNAMED, 1915-08-05",,25
2847479,1915,HU,HIST,"NOTNAMED, 1915-08-27",,25
2847480,1915,HU,HIST,"NOTNAMED, 1915-08-31",,25
2847481,1915,HU,HIST,"NOTNAMED, 1915-09-19",,25
2847482,1915,HU,HIST,"NOTNAMED, 1915-09-21",,25
2847483,1916,HU,HIST,"NOTNAMED, 1916-05-13",,25
2847484,1916,HU,HIST,"NOTNAMED, 1916-06-28",,25
2847485,1916,HU,HIST,"NOTNAMED, 1916-07-10",,25
2847486,1916,HU,HIST,"NOTNAMED, 1916-07-11",,25
2847487,1916,HU,HIST,"NOTNAMED, 1916-08-04",,25
2847488,1916,HU,HIST,"NOTNAMED, 1916-08-12",,25
2847489,1916,HU,HIST,"NOTNAMED, 1916-08-21",,25
2847490,1916,HU,HIST,"NOTNAMED, 1916-08-27",,25
2847491,1916,HU,HIST,"NOTNAMED, 1916-09-04",,25
2847492,1916,HU,HIST,"NOTNAMED, 1916-09-13",,25
2847493,1916,HU,HIST,"NOTNAMED, 1916-09-17",,25
2847494,1916,HU,HIST,"NOTNAMED, 1916-10-02",,25
2847495,1916,HU,HIST,"NOTNAMED, 1916-10-06",,25
2847496,1916,HU,HIST,"NOTNAMED, 1916-10-09",,25
2847497,1916,HU,HIST,"NOTNAMED, 1916-11-11",,25
2847498,1917,HU,HIST,"NOTNAMED, 1917-07-06",,25
2847499,1917,HU,HIST,"NOTNAMED, 1917-08-06",,25
2847500,1917,HU,HIST,"NOTNAMED, 1917-08-30",,25
2847501,1917,HU,HIST,"NOTNAMED, 1917-09-20",,25
2847582,1930,HU,HIST,"NOTNAMED, 1930-08-31",,25
2847583,1931,HU,HIST,"NOTNAMED, 1931-06-25",,25
2847584,1931,HU,HIST,"NOTNAMED, 1931-07-11",,25
2847585,1931,HU,HIST,"NOTNAMED, 1931-08-10",,25
2847586,1931,HU,HIST,"NOTNAMED, 1931-08-16",,25
2847587,1931,HU,HIST,"NOTNAMED, 1931-09-05",,25
2847588,1931,HU,HIST,"NOTNAMED, 1931-09-08",,25
2847589,1931,HU,HIST,"NOTNAMED, 1931-09-25",,25
2847590,1931,HU,HIST,"NOTNAMED, 1931-10-18",,25
2847591,1931,HU,HIST,"NOTNAMED, 1931-11-22",,25
2847592,1932,HU,HIST,"NOTNAMED, 1932-05-05",,25
2847593,1932,HU,HIST,"NOTNAMED, 1932-08-12",,25
2847594,1932,HU,HIST,"NOTNAMED, 1932-08-26",,25
2847595,1932,HU,HIST,"NOTNAMED, 1932-08-30",,25
2847596,1932,HU,HIST,"NOTNAMED, 1932-09-09",,25
2847597,1932,HU,HIST,"NOTNAMED, 1932-09-18",,25
2847598,1932,HU,HIST,"NOTNAMED, 1932-09-25",,25
2847599,1932,HU,HIST,"NOTNAMED, 1932-10-07",,25
2847600,1932,HU,HIST,"NOTNAMED, 1932-10-08",,25
2847601,1932,HU,HIST,"NOTNAMED, 1932-10-30",,25
2847602,1932,HU,HIST,"NOTNAMED, 1932-11-03",,25
2847603,1933,HU,HIST,"NOTNAMED, 1933-05-14",,25
2847604,1933,HU,HIST,"NOTNAMED, 1933-06-27",,25
2847605,1933,HU,HIST,"NOTNAMED, 1933-07-14",,25
2847606,1933,HU,HIST,"NOTNAMED, 1933-07-21",,25
2847607,1933,HU,HIST,"NOTNAMED, 1933-07-25",,25
2847608,1933,HU,HIST,"NOTNAMED, 1933-08-12",,25
2847609,1933,HU,HIST,"NOTNAMED, 1933-08-16",,25
2847610,1933,HU,HIST,"NOTNAMED, 1933-08-17",,25
2847611,1933,HU,HIST,"NOTNAMED, 1933-08-24",,25
2847612,1933,HU,HIST,"NOTNAMED, 1933-08-26",,25
2847613,1933,HU,HIST,"NOTNAMED, 1933-08-28",,25
2847614,1933,HU,HIST,"NOTNAMED, 1933-08-31",,25
2847615,1933,HU,HIST,"NOTNAMED, 1933-09-08",,25
2847616,1933,HU,HIST,"NOTNAMED, 1933-09-10",,25
2847617,1933,HU,HIST,"NOTNAMED, 1933-09-16",,25
2847618,1933,HU,HIST,"NOTNAMED, 1933-09-27",,25
2847619,1933,HU,HIST,"NOTNAMED, 1933-09-28",,25
2847620,1933,HU,HIST,"NOTNAMED, 1933-10-01",,25
2847621,1933,HU,HIST,"NOTNAMED, 1933-10-25",,25
2847622,1933,HU,HIST,"NOTNAMED, 1933-10-26",,25
2847623,1933,HU,HIST,"NOTNAMED, 1933-11-15",,25
2847624,1934,HU,HIST,"NOTNAMED, 1934-05-27",,25
2847625,1934,HU,HIST,"NOTNAMED, 1934-06-04",,25
2847626,1934,HU,HIST,"NOTNAMED, 1934-07-21",,25
2847627,1934,HU,HIST,"NOTNAMED, 1934-08-20",,25
2847628,1934,HU,HIST,"NOTNAMED, 1934-08-26",,25
2847629,1934,HU,HIST,"NOTNAMED, 1934-09-05",,25
2847630,1934,HU,HIST,"NOTNAMED, 1934-09-16",,25
2847361,1898,HU,HIST,"NOTNAMED, 1898-10-27",,25
2847362,1899,HU,HIST,"NOTNAMED, 1899-06-26",,25
2847363,1899,HU,HIST,"NOTNAMED, 1899-07-28",,25
2847364,1899,HU,HIST,"NOTNAMED, 1899-08-03",,25
2847365,1899,HU,HIST,"NOTNAMED, 1899-08-29",,25
2847366,1899,HU,HIST,"NOTNAMED, 1899-09-03",,25
2847367,1899,HU,HIST,"NOTNAMED, 1899-10-02",,25
2847368,1899,HU,HIST,"NOTNAMED, 1899-10-10",,25
2847369,1899,HU,HIST,"NOTNAMED, 1899-10-26",,25
2847370,1899,HU,HIST,"NOTNAMED, 1899-11-07",,25
2847371,1900,HU,HIST,"NOTNAMED, 1900-08-27",,25
2847372,1900,HU,HIST,"NOTNAMED, 1900-09-07",,25
2847373,1900,HU,HIST,"NOTNAMED, 1900-09-08",,25
2847374,1900,HU,HIST,"NOTNAMED, 1900-09-11",,25
2847375,1900,HU,HIST,"NOTNAMED, 1900-10-04",,25
2847376,1900,HU,HIST,"NOTNAMED, 1900-10-10",,25
2847377,1900,HU,HIST,"NOTNAMED, 1900-10-24",,25
2847378,1901,HU,HIST,"NOTNAMED, 1901-06-11",,25
2847379,1901,HU,HIST,"NOTNAMED, 1901-07-01",,25
2847380,1901,HU,HIST,"NOTNAMED, 1901-07-04",,25
2847381,1901,HU,HIST,"NOTNAMED, 1901-08-02",,25
2847382,1901,HU,HIST,"NOTNAMED, 1901-08-18",,25
2847383,1901,HU,HIST,"NOTNAMED, 1901-08-29",,25
2847384,1901,HU,HIST,"NOTNAMED, 1901-09-09",,25
2847385,1901,HU,HIST,"NOTNAMED, 1901-09-12",,25
2847386,1901,HU,HIST,"NOTNAMED, 1901-09-21",,25
2847387,1901,HU,HIST,"NOTNAMED, 1901-10-05",,25
2847388,1901,HU,HIST,"NOTNAMED, 1901-10-15",,25
2847389,1901,HU,HIST,"NOTNAMED, 1901-10-30",,25
2847390,1902,HU,HIST,"NOTNAMED, 1902-06-12",,25
2847391,1902,HU,HIST,"NOTNAMED, 1902-06-21",,25
2847392,1902,HU,HIST,"NOTNAMED, 1902-09-16",,25
2847393,1902,HU,HIST,"NOTNAMED, 1902-10-03",,25
2847394,1902,HU,HIST,"NOTNAMED, 1902-11-01",,25
2847395,1903,HU,HIST,"NOTNAMED, 1903-07-21",,25
2847396,1903,HU,HIST,"NOTNAMED, 1903-08-06",,25
2847397,1903,HU,HIST,"NOTNAMED, 1903-09-09",,25
2847398,1903,HU,HIST,"NOTNAMED, 1903-09-12",,25
2847399,1903,HU,HIST,"NOTNAMED, 1903-09-19",,25
2847400,1903,HU,HIST,"NOTNAMED, 1903-09-26",,25
2847401,1903,HU,HIST,"NOTNAMED, 1903-10-01",,25
2847402,1903,HU,HIST,"NOTNAMED, 1903-10-05",,25
2847403,1903,HU,HIST,"NOTNAMED, 1903-10-21",,25
2847404,1903,HU,HIST,"NOTNAMED, 1903-11-17",,25
2847405,1904,HU,HIST,"NOTNAMED, 1904-06-10",,25
2847406,1904,HU,HIST,"NOTNAMED, 1904-09-08",,25
2847407,1904,HU,HIST,"NOTNAMED, 1904-10-12",,25
2847408,1904,HU,HIST,"NOTNAMED, 1904-10-19",,25
2847409,1904,HU,HIST,"NOTNAMED, 1904-10-31",,25
2847410,1905,HU,HIST,"NOTNAMED, 1905-09-06",,25
2847411,1905,HU,HIST,"NOTNAMED, 1905-09-11",,25
2847412,1905,HU,HIST,"NOTNAMED, 1905-09-24",,25
2847413,1905,HU,HIST,"NOTNAMED, 1905-10-01",,25
2847414,1905,HU,HIST,"NOTNAMED, 1905-10-05",,25
2847415,1906,HU,HIST,"NOTNAMED, 1906-06-08",,25
2847416,1906,HU,HIST,"NOTNAMED, 1906-06-14",,25
2847417,1906,HU,HIST,"NOTNAMED, 1906-08-22",,25
2847418,1906,HU,HIST,"NOTNAMED, 1906-08-25",,25
2847419,1906,HU,HIST,"NOTNAMED, 1906-09-03",,25
2847420,1906,HU,HIST,"NOTNAMED, 1906-09-19",,25
2847421,1906,HU,HIST,"NOTNAMED, 1906-09-22",,25
2847502,1918,HU,HIST,"NOTNAMED, 1918-08-01",,25
2847503,1918,HU,HIST,"NOTNAMED, 1918-08-22",,25
2847504,1918,HU,HIST,"NOTNAMED, 1918-08-23",,25
2847505,1918,HU,HIST,"NOTNAMED, 1918-08-31",,25
2847506,1918,HU,HIST,"NOTNAMED, 1918-09-02",,25
2847507,1918,HU,HIST,"NOTNAMED, 1918-09-09",,25
2847508,1919,HU,HIST,"NOTNAMED, 1919-07-02",,25
2847509,1919,HU,HIST,"NOTNAMED, 1919-09-02",,25
2847510,1919,HU,HIST,"NOTNAMED, 1919-09-02",,25
2847511,1919,HU,HIST,"NOTNAMED, 1919-09-29",,25
2847512,1919,HU,HIST,"NOTNAMED, 1919-11-10",,25
2847513,1920,HU,HIST,"NOTNAMED, 1920-09-07",,25
2847514,1920,HU,HIST,"NOTNAMED, 1920-09-16",,25
2847515,1920,HU,HIST,"NOTNAMED, 1920-09-19",,25
2847516,1920,HU,HIST,"NOTNAMED, 1920-09-23",,25
2847517,1920,HU,HIST,"NOTNAMED, 1920-09-25",,25
2847518,1921,HU,HIST,"NOTNAMED, 1921-06-16",,25
2847519,1921,HU,HIST,"NOTNAMED, 1921-09-04",,25
2847520,1921,HU,HIST,"NOTNAMED, 1921-09-06",,25
2847521,1921,HU,HIST,"NOTNAMED, 1921-09-08",,25
2847522,1921,HU,HIST,"NOTNAMED, 1921-10-15",,25
2847523,1921,HU,HIST,"NOTNAMED, 1921-10-20",,25
2847524,1921,HU,HIST,"NOTNAMED, 1921-11-19",,25
2847525,1922,HU,HIST,"NOTNAMED, 1922-06-12",,25
2847526,1922,HU,HIST,"NOTNAMED, 1922-09-13",,25
2847527,1922,HU,HIST,"NOTNAMED, 1922-09-18",,25
2847528,1922,HU,HIST,"NOTNAMED, 1922-10-11",,25
2847529,1922,HU,HIST,"NOTNAMED, 1922-10-12",,25
2847530,1923,HU,HIST,"NOTNAMED, 1923-06-22",,25
2847531,1923,HU,HIST,"NOTNAMED, 1923-09-01",,25
2847532,1923,HU,HIST,"NOTNAMED, 1923-09-07",,25
2847533,1923,HU,HIST,"NOTNAMED, 1923-09-10",,25
2847534,1923,HU,HIST,"NOTNAMED, 1923-09-24",,25
2847535,1923,HU,HIST,"NOTNAMED, 1923-10-12",,25
2847536,1923,HU,HIST,"NOTNAMED, 1923-10-15",,25
2847537,1923,HU,HIST,"NOTNAMED, 1923-10-16",,25
2847538,1923,HU,HIST,"NOTNAMED, 1923-10-24",,25
2847539,1924,HU,HIST,"NOTNAMED, 1924-06-18",,25
2847540,1924,HU,HIST,"NOTNAMED, 1924-07-28",,25
2847271,1887,HU,HIST,"NOTNAMED, 1887-12-07",,25
2847272,1888,HU,HIST,"NOTNAMED, 1888-06-16",,25
2847273,1888,HU,HIST,"NOTNAMED, 1888-07-04",,25
2847274,1888,HU,HIST,"NOTNAMED, 1888-08-14",,25
2847275,1888,HU,HIST,"NOTNAMED, 1888-08-31",,25
2847276,1888,HU,HIST,"NOTNAMED, 1888-09-06",,25
2847277,1888,HU,HIST,"NOTNAMED, 1888-09-23",,25
2847278,1888,HU,HIST,"NOTNAMED, 1888-10-08",,25
2847279,1888,HU,HIST,"NOTNAMED, 1888-11-01",,25
2847280,1888,HU,HIST,"NOTNAMED, 1888-11-17",,25
2847281,1889,HU,HIST,"NOTNAMED, 1889-05-16",,25
2847282,1889,HU,HIST,"NOTNAMED, 1889-06-15",,25
2847283,1889,HU,HIST,"NOTNAMED, 1889-08-19",,25
2847284,1889,HU,HIST,"NOTNAMED, 1889-09-01",,25
2847285,1889,HU,HIST,"NOTNAMED, 1889-09-02",,25
2847286,1889,HU,HIST,"NOTNAMED, 1889-09-12",,25
2847287,1889,HU,HIST,"NOTNAMED, 1889-09-12",,25
2847288,1889,HU,HIST,"NOTNAMED, 1889-09-29",,25
2847289,1889,HU,HIST,"NOTNAMED, 1889-10-05",,25
2847290,1890,HU,HIST,"NOTNAMED, 1890-05-27",,25
2847291,1890,HU,HIST,"NOTNAMED, 1890-08-18",,25
2847292,1890,HU,HIST,"NOTNAMED, 1890-08-26",,25
2847293,1890,HU,HIST,"NOTNAMED, 1890-10-31",,25
2847294,1891,HU,HIST,"NOTNAMED, 1891-07-03",,25
2847295,1891,HU,HIST,"NOTNAMED, 1891-08-17",,25
2847296,1891,HU,HIST,"NOTNAMED, 1891-08-18",,25
2847297,1891,HU,HIST,"NOTNAMED, 1891-09-02",,25
2847298,1891,HU,HIST,"NOTNAMED, 1891-09-16",,25
2847299,1891,HU,HIST,"NOTNAMED, 1891-09-29",,25
2847300,1891,HU,HIST,"NOTNAMED, 1891-10-04",,25
2847301,1891,HU,HIST,"NOTNAMED, 1891-10-07",,25
2847302,1891,HU,HIST,"NOTNAMED, 1891-10-12",,25
2847303,1891,HU,HIST,"NOTNAMED, 1891-11-03",,25
2847304,1892,HU,HIST,"NOTNAMED, 1892-06-09",,25
2847305,1892,HU,HIST,"NOTNAMED, 1892-08-15",,25
2847306,1892,HU,HIST,"NOTNAMED, 1892-09-03",,25
2847307,1892,HU,HIST,"NOTNAMED, 1892-09-08",,25
2847308,1892,HU,HIST,"NOTNAMED, 1892-09-12",,25
2847309,1892,HU,HIST,"NOTNAMED, 1892-09-25",,25
2847310,1892,HU,HIST,"NOTNAMED, 1892-10-05",,25
2847311,1892,HU,HIST,"NOTNAMED, 1892-10-13",,25
2847312,1892,HU,HIST,"NOTNAMED, 1892-10-21",,25
2847313,1893,HU,HIST,"NOTNAMED, 1893-06-12",,25
2847314,1893,HU,HIST,"NOTNAMED, 1893-07-04",,25
2847315,1893,HU,HIST,"NOTNAMED, 1893-08-13",,25
2847316,1893,HU,HIST,"NOTNAMED, 1893-08-15",,25
2847317,1893,HU,HIST,"NOTNAMED, 1893-08-15",,25
2847318,1893,HU,HIST,"NOTNAMED, 1893-08-15",,25
2847319,1893,HU,HIST,"NOTNAMED, 1893-08-20",,25
2847320,1893,HU,HIST,"NOTNAMED, 1893-09-04",,25
2847321,1893,HU,HIST,"NOTNAMED, 1893-09-25",,25
2847322,1893,HU,HIST,"NOTNAMED, 1893-09-27",,25
2847323,1893,HU,HIST,"NOTNAMED, 1893-10-20",,25
2847324,1893,HU,HIST,"NOTNAMED, 1893-11-05",,25
2847325,1894,HU,HIST,"NOTNAMED, 1894-06-06",,25
2847326,1894,HU,HIST,"NOTNAMED, 1894-08-05",,25
2847327,1894,HU,HIST,"NOTNAMED, 1894-08-30",,25
2847328,1894,HU,HIST,"NOTNAMED, 1894-09-18",,25
2847329,1894,HU,HIST,"NOTNAMED, 1894-10-01",,25
2847330,1894,HU,HIST,"NOTNAMED, 1894-10-11",,25
2847331,1894,HU,HIST,"NOTNAMED, 1894-10-21",,25
2847332,1895,HU,HIST,"NOTNAMED, 1895-08-14",,25
2847333,1895,HU,HIST,"NOTNAMED, 1895-08-22",,25
2847334,1895,HU,HIST,"NOTNAMED, 1895-09-28",,25
2847335,1895,HU,HIST,"NOTNAMED, 1895-10-02",,25
2847336,1895,HU,HIST,"NOTNAMED, 1895-10-12",,25
2847337,1895,HU,HIST,"NOTNAMED, 1895-10-13",,25
2847338,1896,HU,HIST,"NOTNAMED, 1896-07-04",,25
2847339,1896,HU,HIST,"NOTNAMED, 1896-08-30",,25
2847340,1896,HU,HIST,"NOTNAMED, 1896-09-18",,25
2847341,1896,HU,HIST,"NOTNAMED, 1896-09-22",,25
2847422,1906,HU,HIST,"NOTNAMED, 1906-10-08",,25
2847423,1906,HU,HIST,"NOTNAMED, 1906-10-14",,25
2847424,1906,HU,HIST,"NOTNAMED, 1906-10-15",,25
2847425,1906,HU,HIST,"NOTNAMED, 1906-11-05",,25
2847426,1907,HU,HIST,"NOTNAMED, 1907-06-24",,25
2847427,1907,HU,HIST,"NOTNAMED, 1907-09-18",,25
2847428,1907,HU,HIST,"NOTNAMED, 1907-09-27",,25
2847429,1907,HU,HIST,"NOTNAMED, 1907-10-17",,25
2847430,1907,HU,HIST,"NOTNAMED, 1907-11-06",,25
2847431,1908,HU,HIST,"NOTNAMED, 1908-03-06",,25
2847432,1908,HU,HIST,"NOTNAMED, 1908-05-24",,25
2847433,1908,HU,HIST,"NOTNAMED, 1908-07-24",,25
2847434,1908,HU,HIST,"NOTNAMED, 1908-07-29",,25
2847435,1908,HU,HIST,"NOTNAMED, 1908-08-30",,25
2847436,1908,HU,HIST,"NOTNAMED, 1908-09-07",,25
2847437,1908,HU,HIST,"NOTNAMED, 1908-09-16",,25
2847438,1908,HU,HIST,"NOTNAMED, 1908-09-21",,25
2847439,1908,HU,HIST,"NOTNAMED, 1908-10-14",,25
2847440,1908,HU,HIST,"NOTNAMED, 1908-10-19",,25
2847441,1909,HU,HIST,"NOTNAMED, 1909-06-15",,25
2847442,1909,HU,HIST,"NOTNAMED, 1909-06-25",,25
2847443,1909,HU,HIST,"NOTNAMED, 1909-06-26",,25
2847444,1909,HU,HIST,"NOTNAMED, 1909-07-13",,25
2847445,1909,HU,HIST,"NOTNAMED, 1909-08-06",,25
2847446,1909,HU,HIST,"NOTNAMED, 1909-08-20",,25
2847447,1909,HU,HIST,"NOTNAMED, 1909-08-28",,25
2847448,1909,HU,HIST,"NOTNAMED, 1909-09-13",,25
2847449,1909,HU,HIST,"NOTNAMED, 1909-09-24",,25
2847450,1909,HU,HIST,"NOTNAMED, 1909-10-06",,25
2847181,1878,HU,HIST,"NOTNAMED, 1878-07-01",,25
2847182,1878,HU,HIST,"NOTNAMED, 1878-08-08",,25
2847183,1878,HU,HIST,"NOTNAMED, 1878-08-19",,25
2847184,1878,HU,HIST,"NOTNAMED, 1878-08-25",,25
2847185,1878,HU,HIST,"NOTNAMED, 1878-09-01",,25
2847186,1878,HU,HIST,"NOTNAMED, 1878-09-12",,25
2847187,1878,HU,HIST,"NOTNAMED, 1878-09-24",,25
2847188,1878,HU,HIST,"NOTNAMED, 1878-10-09",,25
2847189,1878,HU,HIST,"NOTNAMED, 1878-10-09",,25
2847190,1878,HU,HIST,"NOTNAMED, 1878-10-13",,25
2847191,1878,HU,HIST,"NOTNAMED, 1878-10-18",,25
2847192,1878,HU,HIST,"NOTNAMED, 1878-11-25",,25
2847193,1879,HU,HIST,"NOTNAMED, 1879-08-09",,25
2847194,1879,HU,HIST,"NOTNAMED, 1879-08-13",,25
2847195,1879,HU,HIST,"NOTNAMED, 1879-08-19",,25
2847196,1879,HU,HIST,"NOTNAMED, 1879-08-29",,25
2847197,1879,HU,HIST,"NOTNAMED, 1879-10-03",,25
2847198,1879,HU,HIST,"NOTNAMED, 1879-10-09",,25
2847199,1879,HU,HIST,"NOTNAMED, 1879-10-24",,25
2847200,1879,HU,HIST,"NOTNAMED, 1879-11-18",,25
2847201,1880,HU,HIST,"NOTNAMED, 1880-06-21",,25
2847202,1880,HU,HIST,"NOTNAMED, 1880-08-04",,25
2847203,1880,HU,HIST,"NOTNAMED, 1880-08-15",,25
2847204,1880,HU,HIST,"NOTNAMED, 1880-08-24",,25
2847205,1880,HU,HIST,"NOTNAMED, 1880-08-26",,25
2847206,1880,HU,HIST,"NOTNAMED, 1880-09-06",,25
2847207,1880,HU,HIST,"NOTNAMED, 1880-09-08",,25
2847208,1880,HU,HIST,"NOTNAMED, 1880-09-27",,25
2847209,1880,HU,HIST,"NOTNAMED, 1880-10-05",,25
2847210,1880,HU,HIST,"NOTNAMED, 1880-10-10",,25
2847211,1880,HU,HIST,"NOTNAMED, 1880-10-20",,25
2847212,1881,HU,HIST,"NOTNAMED, 1881-08-01",,25
2847213,1881,HU,HIST,"NOTNAMED, 1881-08-11",,25
2847214,1881,HU,HIST,"NOTNAMED, 1881-08-11",,25
2847215,1881,HU,HIST,"NOTNAMED, 1881-08-16",,25
2847216,1881,HU,HIST,"NOTNAMED, 1881-08-21",,25
2847217,1881,HU,HIST,"NOTNAMED, 1881-09-07",,25
2847218,1881,HU,HIST,"NOTNAMED, 1881-09-18",,25
2847219,1882,HU,HIST,"NOTNAMED, 1882-08-24",,25
2847220,1882,HU,HIST,"NOTNAMED, 1882-09-02",,25
2847221,1882,HU,HIST,"NOTNAMED, 1882-09-14",,25
2847222,1882,HU,HIST,"NOTNAMED, 1882-09-21",,25
2847223,1882,HU,HIST,"NOTNAMED, 1882-09-24",,25
2847224,1882,HU,HIST,"NOTNAMED, 1882-10-05",,25
2847225,1883,HU,HIST,"NOTNAMED, 1883-08-18",,25
2847226,1883,HU,HIST,"NOTNAMED, 1883-08-24",,25
2847227,1883,HU,HIST,"NOTNAMED, 1883-09-04",,25
2847228,1883,HU,HIST,"NOTNAMED, 1883-10-22",,25
2847229,1884,HU,HIST,"NOTNAMED, 1884-09-01",,25
2847230,1884,HU,HIST,"NOTNAMED, 1884-09-03",,25
2847231,1884,HU,HIST,"NOTNAMED, 1884-09-10",,25
2847232,1884,HU,HIST,"NOTNAMED, 1884-10-07",,25
2847233,1885,HU,HIST,"NOTNAMED, 1885-08-07",,25
2847234,1885,HU,HIST,"NOTNAMED, 1885-08-21",,25
2847235,1885,HU,HIST,"NOTNAMED, 1885-08-29",,25
2847236,1885,HU,HIST,"NOTNAMED, 1885-09-17",,25
2847237,1885,HU,HIST,"NOTNAMED, 1885-09-18",,25
2847238,1885,HU,HIST,"NOTNAMED, 1885-09-24",,25
2847239,1885,HU,HIST,"NOTNAMED, 1885-09-26",,25
2847240,1885,HU,HIST,"NOTNAMED, 1885-10-10",,25
2847241,1886,HU,HIST,"NOTNAMED, 1886-06-13",,25
2847242,1886,HU,HIST,"NOTNAMED, 1886-06-17",,25
2847243,1886,HU,HIST,"NOTNAMED, 1886-06-27",,25
2847244,1886,HU,HIST,"NOTNAMED, 1886-07-14",,25
2847245,1886,HU,HIST,"NOTNAMED, 1886-08-12",,25
2847246,1886,HU,HIST,"NOTNAMED, 1886-08-15",,25
2847247,1886,HU,HIST,"NOTNAMED, 1886-08-20",,25
2847248,1886,HU,HIST,"NOTNAMED, 1886-09-16",,25
2847249,1886,HU,HIST,"NOTNAMED, 1886-09-22",,25
2847250,1886,HU,HIST,"NOTNAMED, 1886-10-08",,25
2847251,1886,HU,HIST,"NOTNAMED, 1886-10-10",,25
2847252,1886,HU,HIST,"NOTNAMED, 1886-10-21",,25
2847253,1887,HU,HIST,"NOTNAMED, 1887-05-15",,25
2847254,1887,HU,HIST,"NOTNAMED, 1887-05-17",,25
2847255,1887,HU,HIST,"NOTNAMED, 1887-06-11",,25
2847256,1887,HU,HIST,"NOTNAMED, 1887-07-20",,25
2847257,1887,HU,HIST,"NOTNAMED, 1887-07-30",,25
2847258,1887,HU,HIST,"NOTNAMED, 1887-08-14",,25
2847259,1887,HU,HIST,"NOTNAMED, 1887-08-18",,25
2847260,1887,HU,HIST,"NOTNAMED, 1887-09-01",,25
2847261,1887,HU,HIST,"NOTNAMED, 1887-09-11",,25
2847342,1896,HU,HIST,"NOTNAMED, 1896-10-07",,25
2847343,1896,HU,HIST,"NOTNAMED, 1896-10-26",,25
2847344,1896,HU,HIST,"NOTNAMED, 1896-11-27",,25
2847345,1897,HU,HIST,"NOTNAMED, 1897-08-31",,25
2847346,1897,HU,HIST,"NOTNAMED, 1897-09-10",,25
2847347,1897,HU,HIST,"NOTNAMED, 1897-09-20",,25
2847348,1897,HU,HIST,"NOTNAMED, 1897-09-25",,25
2847349,1897,HU,HIST,"NOTNAMED, 1897-10-09",,25
2847350,1897,HU,HIST,"NOTNAMED, 1897-10-23",,25
2847351,1898,HU,HIST,"NOTNAMED, 1898-08-02",,25
2847352,1898,HU,HIST,"NOTNAMED, 1898-08-30",,25
2847353,1898,HU,HIST,"NOTNAMED, 1898-09-03",,25
2847354,1898,HU,HIST,"NOTNAMED, 1898-09-05",,25
2847355,1898,HU,HIST,"NOTNAMED, 1898-09-12",,25
2847356,1898,HU,HIST,"NOTNAMED, 1898-09-20",,25
2847357,1898,HU,HIST,"NOTNAMED, 1898-09-25",,25
2847358,1898,HU,HIST,"NOTNAMED, 1898-09-25",,25
2847359,1898,HU,HIST,"NOTNAMED, 1898-10-02",,25
2847360,1898,HU,HIST,"NOTNAMED, 1898-10-21",,25
2847001,1851,HU,HIST,"NOTNAMED, 1851-06-25",,25
2847091,1865,HU,HIST,"NOTNAMED, 1865-08-20",,25
2847092,1865,HU,HIST,"NOTNAMED, 1865-09-06",,25
2847093,1865,HU,HIST,"NOTNAMED, 1865-09-07",,25
2847094,1865,HU,HIST,"NOTNAMED, 1865-09-28",,25
2847095,1865,HU,HIST,"NOTNAMED, 1865-10-18",,25
2847096,1866,HU,HIST,"NOTNAMED, 1866-07-11",,25
2847097,1866,HU,HIST,"NOTNAMED, 1866-08-13",,25
2847098,1866,HU,HIST,"NOTNAMED, 1866-09-04",,25
2847099,1866,HU,HIST,"NOTNAMED, 1866-09-18",,25
2847100,1866,HU,HIST,"NOTNAMED, 1866-09-22",,25
2847101,1866,HU,HIST,"NOTNAMED, 1866-09-24",,25
2847102,1866,HU,HIST,"NOTNAMED, 1866-10-28",,25
2847103,1867,HU,HIST,"NOTNAMED, 1867-06-21",,25
2847104,1867,HU,HIST,"NOTNAMED, 1867-07-28",,25
2847105,1867,HU,HIST,"NOTNAMED, 1867-08-02",,25
2847106,1867,HU,HIST,"NOTNAMED, 1867-08-31",,25
2847107,1867,HU,HIST,"NOTNAMED, 1867-09-08",,25
2847108,1867,HU,HIST,"NOTNAMED, 1867-09-29",,25
2847109,1867,HU,HIST,"NOTNAMED, 1867-10-02",,25
2847110,1867,HU,HIST,"NOTNAMED, 1867-10-09",,25
2847111,1867,HU,HIST,"NOTNAMED, 1867-10-27",,25
2847112,1868,HU,HIST,"NOTNAMED, 1868-09-03",,25
2847113,1868,HU,HIST,"NOTNAMED, 1868-10-01",,25
2847114,1868,HU,HIST,"NOTNAMED, 1868-10-05",,25
2847115,1868,HU,HIST,"NOTNAMED, 1868-10-15",,25
2847116,1869,HU,HIST,"NOTNAMED, 1869-08-12",,25
2847117,1869,HU,HIST,"NOTNAMED, 1869-08-16",,25
2847118,1869,HU,HIST,"NOTNAMED, 1869-08-27",,25
2847119,1869,HU,HIST,"NOTNAMED, 1869-09-01",,25
2847120,1869,HU,HIST,"NOTNAMED, 1869-09-04",,25
2847121,1869,HU,HIST,"NOTNAMED, 1869-09-07",,25
2847122,1869,HU,HIST,"NOTNAMED, 1869-09-11",,25
2847123,1869,HU,HIST,"NOTNAMED, 1869-09-14",,25
2847124,1869,HU,HIST,"NOTNAMED, 1869-10-01",,25
2847125,1869,HU,HIST,"NOTNAMED, 1869-10-04",,25
2847126,1870,HU,HIST,"NOTNAMED, 1870-07-30",,25
2847127,1870,HU,HIST,"NOTNAMED, 1870-08-30",,25
2847128,1870,HU,HIST,"NOTNAMED, 1870-09-01",,25
2847129,1870,HU,HIST,"NOTNAMED, 1870-09-09",,25
2847130,1870,HU,HIST,"NOTNAMED, 1870-09-17",,25
2847131,1870,HU,HIST,"NOTNAMED, 1870-10-05",,25
2847132,1870,HU,HIST,"NOTNAMED, 1870-10-07",,25
2847133,1870,HU,HIST,"NOTNAMED, 1870-10-10",,25
2847134,1870,HU,HIST,"NOTNAMED, 1870-10-19",,25
2847135,1870,HU,HIST,"NOTNAMED, 1870-10-23",,25
2847136,1870,HU,HIST,"NOTNAMED, 1870-10-30",,25
2847137,1871,HU,HIST,"NOTNAMED, 1871-06-01",,25
2847138,1871,HU,HIST,"NOTNAMED, 1871-06-08",,25
2847139,1871,HU,HIST,"NOTNAMED, 1871-08-14",,25
2847140,1871,HU,HIST,"NOTNAMED, 1871-08-17",,25
2847141,1871,HU,HIST,"NOTNAMED, 1871-08-30",,25
2847142,1871,HU,HIST,"NOTNAMED, 1871-09-05",,25
2847143,1871,HU,HIST,"NOTNAMED, 1871-09-30",,25
2847144,1871,HU,HIST,"NOTNAMED, 1871-10-10",,25
2847145,1872,HU,HIST,"NOTNAMED, 1872-07-09",,25
2847146,1872,HU,HIST,"NOTNAMED, 1872-08-20",,25
2847147,1872,HU,HIST,"NOTNAMED, 1872-09-09",,25
2847148,1872,HU,HIST,"NOTNAMED, 1872-09-30",,25
2847149,1872,HU,HIST,"NOTNAMED, 1872-10-22",,25
2847150,1873,HU,HIST,"NOTNAMED, 1873-06-01",,25
2847151,1873,HU,HIST,"NOTNAMED, 1873-08-13",,25
2847152,1873,HU,HIST,"NOTNAMED, 1873-09-18",,25
2847153,1873,HU,HIST,"NOTNAMED, 1873-09-22",,25
2847154,1873,HU,HIST,"NOTNAMED, 1873-09-26",,25
2847155,1874,HU,HIST,"NOTNAMED, 1874-07-02",,25
2847156,1874,HU,HIST,"NOTNAMED, 1874-08-03",,25
2847157,1874,HU,HIST,"NOTNAMED, 1874-08-29",,25
2847158,1874,HU,HIST,"NOTNAMED, 1874-09-02",,25
2847159,1874,HU,HIST,"NOTNAMED, 1874-09-08",,25
2847160,1874,HU,HIST,"NOTNAMED, 1874-09-25",,25
2847161,1874,HU,HIST,"NOTNAMED, 1874-10-31",,25
2847162,1875,HU,HIST,"NOTNAMED, 1875-08-16",,25
2847163,1875,HU,HIST,"NOTNAMED, 1875-09-01",,25
2847164,1875,HU,HIST,"NOTNAMED, 1875-09-08",,25
2847165,1875,HU,HIST,"NOTNAMED, 1875-09-24",,25
2847166,1875,HU,HIST,"NOTNAMED, 1875-10-07",,25
2847167,1875,HU,HIST,"NOTNAMED, 1875-10-12",,25
2847168,1876,HU,HIST,"NOTNAMED, 1876-09-09",,25
2847169,1876,HU,HIST,"NOTNAMED, 1876-09-12",,25
2847170,1876,HU,HIST,"NOTNAMED, 1876-09-16",,25
2847171,1876,HU,HIST,"NOTNAMED, 1876-09-29",,25
2847172,1876,HU,HIST,"NOTNAMED, 1876-10-12",,25
2847173,1877,HU,HIST,"NOTNAMED, 1877-08-01",,25
2847174,1877,HU,HIST,"NOTNAMED, 1877-09-14",,25
2847175,1877,HU,HIST,"NOTNAMED, 1877-09-16",,25
2847176,1877,HU,HIST,"NOTNAMED, 1877-09-21",,25
2847177,1877,HU,HIST,"NOTNAMED, 1877-09-24",,25
2847178,1877,HU,HIST,"NOTNAMED, 1877-10-13",,25
2847179,1877,HU,HIST,"NOTNAMED, 1877-10-24",,25
2847180,1877,HU,HIST,"NOTNAMED, 1877-11-28",,25
2847262,1887,HU,HIST,"NOTNAMED, 1887-09-14",,25
2847263,1887,HU,HIST,"NOTNAMED, 1887-10-06",,25
2847264,1887,HU,HIST,"NOTNAMED, 1887-10-08",,25
2847265,1887,HU,HIST,"NOTNAMED, 1887-10-09",,25
2847266,1887,HU,HIST,"NOTNAMED, 1887-10-10",,25
2847267,1887,HU,HIST,"NOTNAMED, 1887-10-15",,25
2847268,1887,HU,HIST,"NOTNAMED, 1887-10-29",,25
2847269,1887,HU,HIST,"NOTNAMED, 1887-11-27",,25
2847270,1887,HU,HIST,"NOTNAMED, 1887-12-04",,25
2847002,1851,HU,HIST,"NOTNAMED, 1851-07-05",,25
2847003,1851,HU,HIST,"NOTNAMED, 1851-07-10",,25
2847004,1851,HU,HIST,"NOTNAMED, 1851-08-16",,25
2847005,1851,HU,HIST,"NOTNAMED, 1851-09-13",,25
2847006,1851,HU,HIST,"NOTNAMED, 1851-10-16",,25
2847007,1852,HU,HIST,"NOTNAMED, 1852-08-19",,25
2847008,1852,HU,HIST,"NOTNAMED, 1852-09-05",,25
2847009,1852,HU,HIST,"NOTNAMED, 1852-09-09",,25
2847010,1852,HU,HIST,"NOTNAMED, 1852-09-22",,25
2847011,1852,HU,HIST,"NOTNAMED, 1852-10-06",,25
2847012,1853,HU,HIST,"NOTNAMED, 1853-08-05",,25
2847013,1853,HU,HIST,"NOTNAMED, 1853-08-10",,25
2847014,1853,HU,HIST,"NOTNAMED, 1853-08-30",,25
2847015,1853,HU,HIST,"NOTNAMED, 1853-09-08",,25
2847016,1853,HU,HIST,"NOTNAMED, 1853-09-21",,25
2847017,1853,HU,HIST,"NOTNAMED, 1853-09-26",,25
2847018,1853,HU,HIST,"NOTNAMED, 1853-09-28",,25
2847019,1853,HU,HIST,"NOTNAMED, 1853-10-19",,25
2847020,1854,HU,HIST,"NOTNAMED, 1854-06-25",,25
2847021,1854,HU,HIST,"NOTNAMED, 1854-08-23",,25
2847022,1854,HU,HIST,"NOTNAMED, 1854-09-07",,25
2847023,1854,HU,HIST,"NOTNAMED, 1854-09-18",,25
2847024,1854,HU,HIST,"NOTNAMED, 1854-10-20",,25
2847025,1855,HU,HIST,"NOTNAMED, 1855-08-06",,25
2847026,1855,HU,HIST,"NOTNAMED, 1855-08-10",,25
2847027,1855,HU,HIST,"NOTNAMED, 1855-08-11",,25
2847028,1855,HU,HIST,"NOTNAMED, 1855-08-24",,25
2847029,1855,HU,HIST,"NOTNAMED, 1855-09-15",,25
2847030,1856,HU,HIST,"NOTNAMED, 1856-08-09",,25
2847031,1856,HU,HIST,"NOTNAMED, 1856-08-13",,25
2847032,1856,HU,HIST,"NOTNAMED, 1856-08-19",,25
2847033,1856,HU,HIST,"NOTNAMED, 1856-08-21",,25
2847034,1856,HU,HIST,"NOTNAMED, 1856-08-25",,25
2847035,1856,HU,HIST,"NOTNAMED, 1856-09-18",,25
2847036,1857,HU,HIST,"NOTNAMED, 1857-06-30",,25
2847037,1857,HU,HIST,"NOTNAMED, 1857-09-09",,25
2847038,1857,HU,HIST,"NOTNAMED, 1857-09-22",,25
2847039,1857,HU,HIST,"NOTNAMED, 1857-09-24",,25
2847040,1858,HU,HIST,"NOTNAMED, 1858-06-12",,25
2847041,1858,HU,HIST,"NOTNAMED, 1858-08-05",,25
2847042,1858,HU,HIST,"NOTNAMED, 1858-09-14",,25
2847043,1858,HU,HIST,"NOTNAMED, 1858-09-17",,25
2847044,1858,HU,HIST,"NOTNAMED, 1858-09-22",,25
2847045,1858,HU,HIST,"NOTNAMED, 1858-10-21",,25
2847046,1859,HU,HIST,"NOTNAMED, 1859-07-01",,25
2847047,1859,HU,HIST,"NOTNAMED, 1859-08-17",,25
2847048,1859,HU,HIST,"NOTNAMED, 1859-09-02",,25
2847049,1859,HU,HIST,"NOTNAMED, 1859-09-12",,25
2847050,1859,HU,HIST,"NOTNAMED, 1859-09-15",,25
2847051,1859,HU,HIST,"NOTNAMED, 1859-10-02",,25
2847052,1859,HU,HIST,"NOTNAMED, 1859-10-16",,25
2847053,1859,HU,HIST,"NOTNAMED, 1859-10-28",,25
2847054,1860,HU,HIST,"NOTNAMED, 1860-08-08",,25
2847055,1860,HU,HIST,"NOTNAMED, 1860-08-24",,25
2847056,1860,HU,HIST,"NOTNAMED, 1860-09-11",,25
2847057,1860,HU,HIST,"NOTNAMED, 1860-09-11",,25
2847058,1860,HU,HIST,"NOTNAMED, 1860-09-18",,25
2847059,1860,HU,HIST,"NOTNAMED, 1860-09-30",,25
2847060,1860,HU,HIST,"NOTNAMED, 1860-10-20",,25
2847061,1861,HU,HIST,"NOTNAMED, 1861-07-06",,25
2847062,1861,HU,HIST,"NOTNAMED, 1861-08-13",,25
2847063,1861,HU,HIST,"NOTNAMED, 1861-08-25",,25
2847064,1861,HU,HIST,"NOTNAMED, 1861-09-17",,25
2847065,1861,HU,HIST,"NOTNAMED, 1861-09-27",,25
2847066,1861,HU,HIST,"NOTNAMED, 1861-10-06",,25
2847067,1861,HU,HIST,"NOTNAMED, 1861-10-07",,25
2847068,1861,HU,HIST,"NOTNAMED, 1861-11-01",,25
2847069,1862,HU,HIST,"NOTNAMED, 1862-06-15",,25
2847070,1862,HU,HIST,"NOTNAMED, 1862-08-18",,25
2847071,1862,HU,HIST,"NOTNAMED, 1862-09-12",,25
2847072,1862,HU,HIST,"NOTNAMED, 1862-10-06",,25
2847073,1862,HU,HIST,"NOTNAMED, 1862-10-14",,25
2847074,1862,HU,HIST,"NOTNAMED, 1862-11-22",,25
2847075,1863,HU,HIST,"NOTNAMED, 1863-08-08",,25
2847076,1863,HU,HIST,"NOTNAMED, 1863-08-18",,25
2847077,1863,HU,HIST,"NOTNAMED, 1863-08-19",,25
2847078,1863,HU,HIST,"NOTNAMED, 1863-08-27",,25
2847079,1863,HU,HIST,"NOTNAMED, 1863-09-09",,25
2847080,1863,HU,HIST,"NOTNAMED, 1863-09-16",,25
2847081,1863,HU,HIST,"NOTNAMED, 1863-09-18",,25
2847082,1863,HU,HIST,"NOTNAMED, 1863-09-26",,25
2847083,1863,HU,HIST,"NOTNAMED, 1863-09-29",,25
2847084,1864,HU,HIST,"NOTNAMED, 1864-07-16",,25
2847085,1864,HU,HIST,"NOTNAMED, 1864-07-25",,25
2847086,1864,HU,HIST,"NOTNAMED, 1864-08-26",,25
2847087,1864,HU,HIST,"NOTNAMED, 1864-09-05",,25
2847088,1864,HU,HIST,"NOTNAMED, 1864-10-22",,25
2847089,1865,HU,HIST,"NOTNAMED, 1865-05-30",,25
2847090,1865,HU,HIST,"NOTNAMED, 1865-06-30",,25
